,p_val,avg_log2FC,pct.1,pct.2,p_val_adj
mt-Nd4l,2.75E-198,-0.977412571,0.944,0.962,6.41E-194
mt-Atp8,3.03E-151,-0.813855853,0.773,0.871,7.06E-147
Exd2,2.16E-41,-0.789726334,0.74,0.812,5.02E-37
Atpaf2,3.04E-47,-0.76498353,0.673,0.756,7.09E-43
Malat1,1.04E-35,-0.632476605,0.985,0.988,2.42E-31
Csmd1,5.28E-30,-0.558355059,0.902,0.91,1.23E-25
AY036118,5.59E-15,-0.55110263,0.337,0.429,1.30E-10
Ctnna2,2.89E-52,-0.548938533,0.955,0.954,6.72E-48
Nrxn1,1.48E-42,-0.531113453,0.968,0.962,3.44E-38
Fgf14,7.45E-18,-0.529286963,0.552,0.619,1.74E-13
Prkg1,2.58E-60,-0.517112048,0.937,0.951,6.01E-56
Nrg3,3.96E-37,-0.516597812,0.742,0.804,9.23E-33
Ptprd,6.23E-11,-0.509645822,0.621,0.659,1.45E-06
Ccser1,3.10E-34,-0.481954629,0.582,0.688,7.22E-30
Gm26871,9.15E-35,-0.480293619,0.575,0.683,2.13E-30
Asic2,1.10E-13,-0.473132254,0.748,0.78,2.56E-09
Cntnap2,5.14E-22,-0.471142756,0.954,0.946,1.20E-17
Ppfia2,4.66E-38,-0.459450345,0.836,0.866,1.09E-33
Astn2,3.03E-37,-0.444814312,0.856,0.88,7.05E-33
Gpc6,7.01E-08,-0.44059451,0.462,0.486,0.001631938
Snhg11,6.53E-55,-0.437041193,0.931,0.933,1.52E-50
Uba52,2.49E-135,-0.434717818,0.663,0.789,5.79E-131
Lrp1b,1.20E-22,-0.429765499,0.681,0.753,2.80E-18
Kcnip4,4.78E-14,-0.429302227,0.676,0.746,1.11E-09
Fam155a,1.47E-30,-0.427871551,0.861,0.862,3.43E-26
mt-Nd5,8.24E-55,-0.425226661,0.924,0.925,1.92E-50
mt-Nd6,7.24E-63,-0.421669582,0.407,0.578,1.69E-58
Schip1,1.63E-29,-0.419048354,0.829,0.871,3.79E-25
Negr1,6.41E-29,-0.413882379,0.941,0.945,1.49E-24
mt-Co3,3.88E-65,-0.412317428,0.998,0.997,9.05E-61
Dgki,1.01E-35,-0.411781735,0.676,0.784,2.35E-31
Tenm2,1.17E-20,-0.401283823,0.75,0.79,2.73E-16
Xist,1.43E-32,-0.396544838,0.755,0.797,3.33E-28
Grm7,1.05E-25,-0.394184814,0.704,0.752,2.44E-21
Cntn5,1.18E-12,-0.386012053,0.627,0.703,2.75E-08
Meg3,3.73E-30,-0.380642245,0.944,0.942,8.68E-26
Lingo2,2.08E-20,-0.365770201,0.691,0.736,4.85E-16
Unc5c,2.78E-26,-0.361095375,0.761,0.786,6.48E-22
Frmpd4,1.53E-39,-0.36048508,0.831,0.871,3.56E-35
Gm10076,1.89E-55,-0.358833289,0.939,0.913,4.40E-51
mt-Nd3,2.55E-38,-0.353015895,0.93,0.939,5.93E-34
Hdac9,5.18E-20,-0.348334947,0.783,0.814,1.21E-15
Pam,8.21E-26,-0.345406994,0.835,0.874,1.91E-21
Pbx1,3.81E-45,-0.338634155,0.909,0.907,8.88E-41
Kirrel3,2.10E-16,-0.338604871,0.557,0.617,4.90E-12
Lncpint,5.12E-21,-0.336976407,0.594,0.672,1.19E-16
Galnt13,2.52E-24,-0.335693936,0.761,0.798,5.87E-20
Scn10a,1.67E-16,-0.333174133,0.683,0.738,3.88E-12
Dpp6,2.27E-19,-0.332981355,0.92,0.908,5.29E-15
Auts2,8.71E-27,-0.332260338,0.804,0.834,2.03E-22
Erc2,1.17E-21,-0.32475185,0.794,0.819,2.74E-17
Enox1,3.45E-22,-0.322137868,0.761,0.789,8.04E-18
Rian,5.72E-63,-0.319296763,0.962,0.95,1.33E-58
Rgs4,2.24E-15,-0.319102156,0.826,0.858,5.22E-11
Ank2,9.35E-61,-0.316593869,0.985,0.985,2.18E-56
Sdcbp,3.01E-52,-0.313938756,0.975,0.974,7.01E-48
Rbms3,3.62E-71,-0.311360246,0.993,0.99,8.42E-67
Ano3,1.63E-34,-0.309721675,0.794,0.829,3.81E-30
Cadm1,3.62E-26,-0.309669025,0.974,0.962,8.43E-22
mt-Co1,1.00E-46,-0.306831565,0.997,0.996,2.34E-42
Ralyl,1.93E-16,-0.304852477,0.878,0.876,4.50E-12
Kcnb2,1.50E-16,-0.302505458,0.955,0.952,3.49E-12
Ldb2,2.79E-18,-0.296691423,0.651,0.721,6.49E-14
B230312C02Rik,6.25E-08,-0.296650221,0.423,0.468,0.00145438
Car10,1.01E-17,-0.296597238,0.843,0.855,2.36E-13
Kctd16,6.59E-12,-0.290165326,0.576,0.639,1.53E-07
Cacna1c,5.60E-17,-0.289724939,0.707,0.747,1.31E-12
Agbl4,3.03E-19,-0.289423493,0.475,0.556,7.06E-15
Lnpep,1.29E-32,-0.288812513,0.941,0.944,3.01E-28
Elmo1,1.20E-18,-0.287271836,0.738,0.781,2.81E-14
Sema5a,3.92E-14,-0.286072392,0.728,0.77,9.14E-10
1-Mar,3.74E-07,-0.277290033,0.44,0.477,0.008706539
Cd47,1.38E-37,-0.276776224,0.946,0.952,3.20E-33
Mctp1,3.59E-13,-0.275629851,0.82,0.84,8.37E-09
mt-Atp6,5.03E-31,-0.275164679,0.999,0.996,1.17E-26
mt-Nd4,3.05E-34,-0.273745158,0.986,0.985,7.09E-30
Magi2,5.85E-20,-0.269977551,0.643,0.696,1.36E-15
Cysltr2,1.64E-08,-0.268389438,0.35,0.421,0.000380805
Atp2c1,2.12E-38,-0.267892271,0.891,0.911,4.93E-34
Elavl2,2.55E-62,-0.264077652,0.994,0.988,5.94E-58
Gria4,7.66E-19,-0.262580009,0.861,0.874,1.78E-14
Dlg2,4.09E-20,-0.261732637,0.837,0.859,9.52E-16
Ebf1,3.26E-53,-0.261672584,0.993,0.985,7.59E-49
Snap25,6.67E-57,-0.257251559,0.995,0.998,1.55E-52
Tle4,2.02E-36,-0.256771815,0.951,0.942,4.69E-32
Prkn,2.01E-21,-0.256387327,0.578,0.644,4.69E-17
Nup93,2.82E-17,-0.255574902,0.745,0.775,6.57E-13
Sgcd,1.61E-16,-0.253494306,0.692,0.741,3.75E-12
Rbms1,1.21E-29,-0.251890505,0.948,0.947,2.82E-25
C1qtnf7,2.17E-14,-0.250739654,0.669,0.702,5.06E-10
mt-Nd1,1.69E-28,-0.250409031,0.982,0.977,3.94E-24
Igf1r,1.37E-28,-0.250072754,0.818,0.84,3.19E-24
Kcnmb2,5.48E-12,-0.249770892,0.385,0.454,1.28E-07
Ncam2,6.75E-13,-0.247706938,0.897,0.897,1.57E-08
Kidins220,8.30E-21,-0.246892853,0.942,0.932,1.93E-16
mt-Nd2,6.35E-29,-0.246259683,0.985,0.986,1.48E-24
Abhd2,6.07E-20,-0.24382682,0.703,0.745,1.41E-15
Cadps,3.33E-34,-0.242949321,0.965,0.964,7.75E-30
Cdh2,7.82E-23,-0.241147573,0.823,0.839,1.82E-18
Slc24a5,3.35E-12,-0.240886562,0.517,0.573,7.80E-08
Plekha5,6.89E-16,-0.240469903,0.692,0.734,1.60E-11
Atrnl1,3.05E-12,-0.239879254,0.858,0.846,7.09E-08
Dpyd,6.91E-12,-0.239480622,0.575,0.62,1.61E-07
Nrg1,1.99E-13,-0.239384739,0.834,0.843,4.63E-09
A230057D06Rik,1.39E-22,-0.238777087,0.501,0.592,3.24E-18
9530059O14Rik,3.06E-18,-0.238209944,0.662,0.729,7.13E-14
Atp8a1,1.60E-22,-0.237110284,0.933,0.937,3.74E-18
Etnk1,9.25E-40,-0.236966182,0.969,0.97,2.15E-35
Samd12,2.14E-17,-0.234762179,0.809,0.814,4.98E-13
Oprm1,5.22E-14,-0.234351598,0.832,0.863,1.22E-09
App,9.20E-57,-0.233000749,0.988,0.988,2.14E-52
Aopep,1.77E-18,-0.230192605,0.922,0.912,4.12E-14
Hist1h1c,1.99E-12,-0.228682779,0.694,0.719,4.64E-08
Gm38560,7.41E-16,-0.2286163,0.233,0.319,1.73E-11
Frmd4a,1.65E-17,-0.228217407,0.877,0.873,3.84E-13
Apba1,3.63E-25,-0.228196998,0.905,0.918,8.46E-21
Prkd1,9.58E-19,-0.227845984,0.488,0.573,2.23E-14
Nbea,9.66E-22,-0.226375863,0.65,0.699,2.25E-17
Ppm1h,1.75E-26,-0.226324212,0.835,0.851,4.08E-22
Camk2d,5.73E-22,-0.226276459,0.943,0.937,1.34E-17
P2rx3,1.02E-14,-0.225387617,0.619,0.671,2.37E-10
Steap3,6.62E-21,-0.225246716,0.785,0.817,1.54E-16
Macrod2,2.39E-10,-0.223630019,0.792,0.79,5.57E-06
Aff3,5.96E-19,-0.222307141,0.747,0.78,1.39E-14
Lrfn5,1.64E-09,-0.221825196,0.545,0.595,3.82E-05
Unc5d,1.33E-10,-0.220800886,0.62,0.675,3.09E-06
Atp1b3,4.64E-19,-0.219995895,0.928,0.928,1.08E-14
Rbfox1,2.32E-08,-0.219465854,0.847,0.863,0.000539393
Kcnab1,5.59E-23,-0.218828815,0.924,0.928,1.30E-18
Adgrl3,1.44E-09,-0.218121204,0.816,0.821,3.34E-05
Slc36a1,6.57E-22,-0.217300971,0.927,0.923,1.53E-17
Clasp2,3.97E-20,-0.216411409,0.856,0.863,9.24E-16
Sntg1,1.19E-12,-0.214940796,0.474,0.545,2.77E-08
Rere,1.66E-20,-0.214677556,0.917,0.91,3.87E-16
Dpysl2,1.20E-39,-0.213680686,0.99,0.988,2.80E-35
Gm47283,2.24E-21,-0.213404899,0.585,0.651,5.22E-17
Elavl4,3.01E-44,-0.213296135,0.982,0.971,7.00E-40
Zfp536,1.72E-12,-0.212820818,0.846,0.842,4.02E-08
Gphn,1.33E-08,-0.211188076,0.713,0.722,0.000309424
Dgkz,6.84E-09,-0.210975677,0.837,0.849,0.000159275
Slc9a9,4.30E-13,-0.208224386,0.839,0.86,1.00E-08
Map2,4.12E-21,-0.207893518,0.935,0.925,9.59E-17
Gm12709,3.04E-38,-0.207004223,0.45,0.575,7.07E-34
Bach2,2.53E-15,-0.2052518,0.561,0.619,5.88E-11
Mir100hg,5.10E-14,-0.204418336,0.81,0.817,1.19E-09
Hnrnpa2b1,9.95E-31,-0.204336847,0.927,0.923,2.32E-26
Klhl9,3.22E-29,-0.203912796,0.777,0.819,7.49E-25
Prkce,1.03E-23,-0.202725006,0.956,0.952,2.39E-19
Atp6v1b2,3.81E-19,-0.202392918,0.985,0.979,8.88E-15
Nkain2,1.87E-07,-0.202026678,0.571,0.608,0.004344911
Mab21l1,4.46E-23,-0.201971306,0.673,0.731,1.04E-18
Atxn1,5.10E-11,-0.201199355,0.699,0.72,1.19E-06
Pex5l,2.95E-10,-0.201163582,0.848,0.849,6.87E-06
mt-Cytb,2.10E-16,-0.20064001,0.998,0.993,4.89E-12
Prkca,2.79E-08,-0.200563681,0.625,0.671,0.000650259
Reep1,2.01E-25,-0.200103413,0.958,0.96,4.68E-21
Fgf12,8.57E-10,-0.199681091,0.907,0.895,2.00E-05
Ndrg4,2.95E-33,-0.199619561,0.989,0.99,6.87E-29
Ptprg,2.03E-08,-0.19932679,0.791,0.783,0.000473719
Hs3st5,1.75E-07,-0.19891105,0.691,0.7,0.004081223
Tnik,7.85E-10,-0.197850647,0.695,0.716,1.83E-05
Ddx17,1.51E-22,-0.19758722,0.862,0.879,3.52E-18
Rufy3,6.23E-46,-0.19738608,0.991,0.98,1.45E-41
Gm43376,2.66E-22,-0.196691743,0.338,0.449,6.20E-18
Snx7,5.56E-22,-0.195177546,0.921,0.917,1.29E-17
Exoc4,9.11E-09,-0.194696509,0.79,0.792,0.000212049
Cpeb2,1.98E-20,-0.194411766,0.827,0.831,4.62E-16
Sema3c,1.19E-20,-0.194072017,0.773,0.817,2.76E-16
Fstl1,3.48E-11,-0.194042888,0.965,0.977,8.11E-07
Prkar1a,2.79E-33,-0.193790275,0.981,0.978,6.49E-29
Rims2,7.94E-12,-0.193548966,0.672,0.695,1.85E-07
Ost4,6.86E-20,-0.193547841,0.903,0.878,1.60E-15
Chd9,1.17E-20,-0.193446201,0.781,0.812,2.73E-16
Kcnc2,1.16E-12,-0.193338188,0.675,0.71,2.69E-08
Grip1,4.71E-08,-0.19286147,0.622,0.669,0.001097661
Cpeb3,3.56E-16,-0.192832803,0.722,0.762,8.29E-12
Nebl,3.09E-08,-0.192364578,0.62,0.655,0.000719536
Gria3,5.62E-15,-0.191028971,0.739,0.76,1.31E-10
Fbxl17,5.01E-14,-0.190466249,0.748,0.759,1.17E-09
Lrrc8b,4.34E-09,-0.19042987,0.718,0.754,0.000100985
Pcsk1,3.78E-07,-0.190268152,0.802,0.819,0.008803306
Ntrk2,3.58E-13,-0.1876406,0.962,0.971,8.34E-09
Raph1,1.05E-19,-0.186094015,0.869,0.873,2.44E-15
Neo1,7.77E-15,-0.186018614,0.67,0.704,1.81E-10
Usp9x,9.32E-25,-0.185918724,0.947,0.944,2.17E-20
Necab1,9.40E-17,-0.185599806,0.832,0.863,2.19E-12
Sybu,2.35E-20,-0.185485198,0.729,0.77,5.47E-16
Trpm3,3.15E-10,-0.185353677,0.556,0.597,7.33E-06
Dnajc6,5.57E-21,-0.184205965,0.855,0.869,1.30E-16
Marcks,1.45E-17,-0.183908644,0.945,0.944,3.37E-13
Edil3,3.97E-08,-0.183051294,0.876,0.875,0.000925549
C2cd5,4.31E-19,-0.182995625,0.502,0.587,1.00E-14
Prkcd,7.00E-12,-0.182865369,0.739,0.766,1.63E-07
Hnrnpk,2.91E-26,-0.182718829,0.962,0.948,6.77E-22
Slc44a1,1.59E-12,-0.182610266,0.754,0.782,3.71E-08
C78859,9.65E-15,-0.182589215,0.563,0.628,2.25E-10
Efna5,3.15E-07,-0.182510547,0.782,0.794,0.007344345
Kctd8,1.95E-09,-0.182444398,0.66,0.69,4.54E-05
Sv2c,3.23E-09,-0.18238111,0.948,0.947,7.52E-05
Mpped2,3.98E-18,-0.182244903,0.924,0.925,9.27E-14
Atp1a3,3.29E-10,-0.182165939,0.713,0.751,7.66E-06
Apc,2.11E-22,-0.182079911,0.904,0.901,4.92E-18
Ptpro,5.65E-12,-0.18148912,0.6,0.655,1.32E-07
Nhs,1.28E-13,-0.181305959,0.727,0.761,2.99E-09
Lifr,5.39E-15,-0.181215231,0.936,0.915,1.26E-10
Sfpq,1.01E-20,-0.179837421,0.774,0.802,2.35E-16
Ogt,1.07E-20,-0.17934151,0.779,0.813,2.49E-16
Sgpp2,5.71E-16,-0.179206645,0.922,0.909,1.33E-11
Nek1,1.36E-10,-0.178761121,0.767,0.792,3.16E-06
Map7,6.24E-14,-0.178518496,0.881,0.882,1.45E-09
Esr1,1.52E-13,-0.178349485,0.444,0.516,3.53E-09
Lrpprc,4.60E-09,-0.178285125,0.807,0.838,0.00010722
Gabrb3,6.37E-13,-0.17802146,0.845,0.844,1.48E-08
Akap12,3.01E-28,-0.178009297,0.983,0.979,7.01E-24
Itpr1,2.07E-11,-0.177820203,0.561,0.611,4.83E-07
Eps15,9.56E-17,-0.177689075,0.876,0.875,2.23E-12
Fry,3.27E-10,-0.177230662,0.867,0.855,7.61E-06
Dok6,6.05E-11,-0.176912102,0.622,0.671,1.41E-06
Itfg1,2.15E-19,-0.176633613,0.953,0.946,5.01E-15
Large1,4.10E-11,-0.176605844,0.781,0.79,9.54E-07
Trarg1,1.94E-08,-0.176592677,0.745,0.775,0.000450912
Pde1c,1.75E-24,-0.176467496,0.357,0.477,4.08E-20
Ppp3r1,3.72E-20,-0.176419832,0.918,0.907,8.66E-16
Sema6d,1.68E-06,-0.176033198,0.751,0.749,0.039218301
Actr2,3.52E-20,-0.175743999,0.909,0.915,8.21E-16
Ppp1r2,3.83E-22,-0.175597897,0.948,0.94,8.93E-18
Olfr889,2.18E-23,-0.17370251,0.159,0.26,5.07E-19
Hspa1b,3.16E-19,-0.173305443,0.217,0.315,7.36E-15
Gria2,2.12E-06,-0.173105655,0.602,0.628,0.049295098
Rgs7,6.64E-07,-0.173080798,0.788,0.795,0.015458199
Gnao1,7.24E-20,-0.172837965,0.98,0.973,1.69E-15
Ywhab,4.11E-28,-0.171919257,0.989,0.981,9.58E-24
Fmn1,3.53E-09,-0.171816317,0.761,0.78,8.22E-05
Adam23,1.23E-13,-0.171708864,0.732,0.776,2.87E-09
Rapgef4,8.62E-13,-0.171589434,0.712,0.737,2.01E-08
F2r,3.75E-10,-0.171480667,0.8,0.836,8.72E-06
Zdhhc17,2.63E-09,-0.17139749,0.8,0.807,6.11E-05
Rit2,1.43E-18,-0.171179186,0.953,0.947,3.34E-14
Kalrn,6.41E-12,-0.170918542,0.632,0.681,1.49E-07
Ctnnd1,1.73E-20,-0.170425142,0.713,0.745,4.02E-16
Enox2,2.41E-08,-0.169896209,0.632,0.652,0.000561748
Herc3,5.82E-15,-0.169598898,0.805,0.812,1.35E-10
Magi1,2.97E-07,-0.169554096,0.743,0.75,0.006926794
Cbfb,9.75E-21,-0.168823539,0.94,0.946,2.27E-16
Ptprn2,8.59E-13,-0.16870198,0.431,0.495,2.00E-08
Arhgap28,1.67E-09,-0.168433575,0.737,0.763,3.90E-05
Lcor,2.97E-17,-0.168433366,0.628,0.677,6.91E-13
Csmd2,1.22E-06,-0.168270364,0.601,0.637,0.028451677
Ehbp1,8.86E-11,-0.16813067,0.649,0.68,2.06E-06
Tbl1xr1,1.42E-23,-0.167646534,0.791,0.813,3.31E-19
Vat1l,2.46E-10,-0.167623801,0.936,0.933,5.74E-06
Kif26b,1.66E-08,-0.166996171,0.559,0.605,0.000387332
Dennd1a,3.59E-14,-0.16695334,0.551,0.609,8.35E-10
Fnbp1l,5.25E-12,-0.166655519,0.592,0.637,1.22E-07
Nptn,5.51E-14,-0.166592432,0.961,0.953,1.28E-09
Cdr1os,4.94E-09,-0.166261869,0.778,0.798,0.000114997
Ntm,1.02E-10,-0.16621045,0.254,0.327,2.37E-06
Trio,2.52E-16,-0.166044581,0.784,0.814,5.88E-12
Soga3,8.76E-17,-0.165936755,0.928,0.924,2.04E-12
Hnrnpl,1.07E-17,-0.165870554,0.76,0.794,2.48E-13
Epdr1,1.33E-15,-0.165738,0.949,0.945,3.10E-11
St8sia1,4.88E-08,-0.164955252,0.501,0.549,0.001135544
Srsf5,9.84E-19,-0.164812353,0.839,0.853,2.29E-14
Peg3,1.80E-17,-0.164764095,0.954,0.956,4.20E-13
Cntnap5c,2.40E-09,-0.164444368,0.224,0.286,5.59E-05
Prickle2,3.35E-12,-0.164403828,0.507,0.566,7.80E-08
Gpc5,1.58E-07,-0.164336624,0.243,0.296,0.003683192
Tmcc3,4.66E-10,-0.164123032,0.634,0.686,1.08E-05
Osbpl9,3.60E-12,-0.164056462,0.764,0.782,8.39E-08
Nmnat2,6.63E-15,-0.164023994,0.88,0.868,1.54E-10
Setd7,2.30E-12,-0.162468547,0.776,0.786,5.36E-08
Etv1,9.67E-12,-0.162124897,0.933,0.943,2.25E-07
Huwe1,9.44E-14,-0.161865288,0.875,0.884,2.20E-09
Rps28,1.90E-33,-0.160898021,0.988,0.971,4.42E-29
Sgip1,3.08E-13,-0.160824988,0.872,0.872,7.16E-09
Ralgapa1,8.70E-14,-0.160690352,0.849,0.847,2.03E-09
B230216N24Rik,3.61E-10,-0.160360714,0.255,0.323,8.42E-06
Klhl29,1.83E-11,-0.160336647,0.488,0.553,4.25E-07
Rpgrip1,5.32E-16,-0.159781337,0.503,0.577,1.24E-11
Atf2,1.01E-17,-0.159268208,0.819,0.826,2.36E-13
Bc1,3.91E-21,-0.159237533,0.336,0.446,9.11E-17
Cacna2d1,8.86E-11,-0.159081241,0.826,0.84,2.06E-06
Map4,2.44E-30,-0.158812615,0.983,0.972,5.68E-26
AC160336.1,2.00E-32,-0.158767832,0.205,0.332,4.66E-28
mt-Co2,2.11E-14,-0.158723955,0.997,0.995,4.92E-10
Adam9,1.60E-20,-0.158647477,0.468,0.558,3.74E-16
Map2k1,4.55E-14,-0.158287353,0.835,0.841,1.06E-09
Phox2b,5.46E-17,-0.158202742,0.943,0.927,1.27E-12
Dgkg,3.85E-09,-0.157860304,0.778,0.794,8.96E-05
Slc25a22,1.89E-14,-0.157668274,0.649,0.688,4.40E-10
Celf4,9.26E-19,-0.157661363,0.978,0.97,2.16E-14
Zbtb20,8.09E-07,-0.157487144,0.94,0.925,0.018843577
Gng2,1.80E-10,-0.157301034,0.945,0.929,4.19E-06
Naaladl2,1.30E-17,-0.157022687,0.349,0.447,3.04E-13
Scamp1,2.48E-10,-0.156717171,0.932,0.929,5.78E-06
Camk2a,2.06E-10,-0.15663447,0.755,0.801,4.80E-06
Clvs1,1.72E-12,-0.156540706,0.728,0.749,4.00E-08
L1cam,8.70E-16,-0.156043766,0.948,0.943,2.03E-11
Kpna1,1.66E-13,-0.154669166,0.859,0.859,3.87E-09
Eml6,2.71E-12,-0.153579413,0.455,0.536,6.32E-08
Fsd1l,4.63E-14,-0.153502673,0.788,0.802,1.08E-09
Nup98,1.82E-13,-0.152960565,0.404,0.47,4.23E-09
Frmd4b,1.97E-10,-0.152944501,0.525,0.581,4.59E-06
Gfod1,4.81E-14,-0.152911912,0.734,0.763,1.12E-09
Tmem178b,8.92E-07,-0.152803113,0.737,0.75,0.020762222
Lrp12,1.56E-10,-0.152683493,0.521,0.571,3.63E-06
Ppp1r1c,3.14E-20,-0.152648512,0.969,0.961,7.31E-16
Nrn1,1.94E-06,-0.151954666,0.902,0.904,0.045074981
Prr16,3.22E-07,-0.151947534,0.185,0.234,0.007501829
Otud7a,7.50E-13,-0.151640327,0.516,0.573,1.75E-08
Cox17,1.38E-16,-0.150651658,0.951,0.919,3.21E-12
Unc79,8.24E-10,-0.150197828,0.477,0.53,1.92E-05
Nfat5,9.46E-08,-0.150145685,0.775,0.779,0.002202449
Nt5dc3,8.82E-10,-0.149356141,0.733,0.764,2.05E-05
Rbfox2,7.04E-15,-0.149158028,0.96,0.948,1.64E-10
Slc7a14,1.61E-13,-0.1491367,0.938,0.928,3.75E-09
B830012L14Rik,3.57E-18,-0.14910199,0.323,0.43,8.31E-14
Celf1,1.55E-14,-0.149085328,0.792,0.809,3.62E-10
Mbd5,4.58E-09,-0.148565152,0.633,0.664,0.000106549
Rc3h1,3.51E-14,-0.148492802,0.858,0.862,8.17E-10
Mtcl1,1.95E-12,-0.148331059,0.813,0.823,4.53E-08
Tmx3,1.93E-08,-0.147835405,0.828,0.822,0.000449248
Luc7l2,2.90E-14,-0.147641844,0.868,0.869,6.76E-10
AC149090.1,1.17E-13,-0.147328183,0.682,0.722,2.73E-09
Atp1a1,9.23E-11,-0.146922203,0.991,0.988,2.15E-06
Ankrd6,1.11E-11,-0.14666533,0.57,0.614,2.58E-07
Plcb3,4.24E-07,-0.146574418,0.707,0.736,0.009863522
Tm9sf2,4.31E-13,-0.146402272,0.861,0.863,1.00E-08
Cacna1a,2.65E-08,-0.145888843,0.797,0.798,0.000618042
BC005537,7.81E-17,-0.145857561,0.963,0.95,1.82E-12
Akt3,7.31E-09,-0.145808785,0.853,0.839,0.000170245
A330076H08Rik,3.04E-13,-0.145721596,0.278,0.355,7.08E-09
Frmpd1,1.85E-09,-0.145687275,0.745,0.774,4.31E-05
Neto2,1.02E-07,-0.145556915,0.691,0.717,0.002375694
Fgf13,4.73E-19,-0.145513583,0.985,0.98,1.10E-14
Rabgap1l,1.74E-07,-0.145472086,0.85,0.843,0.004045844
Serinc3,4.86E-09,-0.145255342,0.936,0.928,0.000113201
Arhgap15,1.96E-06,-0.145042527,0.58,0.595,0.045656052
Shisa6,6.41E-07,-0.145027426,0.293,0.345,0.014934289
Kif3c,2.74E-09,-0.144930228,0.878,0.865,6.38E-05
Jmjd1c,1.87E-06,-0.144249928,0.639,0.655,0.043616805
Shoc2,5.87E-18,-0.144103709,0.922,0.91,1.37E-13
Ldlrad4,8.58E-07,-0.144099169,0.435,0.476,0.01997913
Cacna1b,1.28E-09,-0.144067569,0.845,0.843,2.97E-05
Rap1gds1,3.68E-16,-0.143524401,0.95,0.929,8.58E-12
Rock2,1.34E-13,-0.143263849,0.823,0.847,3.13E-09
Ncoa2,1.61E-12,-0.143087616,0.722,0.745,3.74E-08
Kpna4,3.83E-09,-0.143017503,0.711,0.735,8.92E-05
Nyap2,3.78E-09,-0.142976921,0.462,0.516,8.81E-05
Pde4dip,2.04E-10,-0.142951786,0.87,0.855,4.74E-06
Rev3l,3.32E-13,-0.142555168,0.533,0.597,7.74E-09
Rapsn,4.50E-08,-0.142514007,0.549,0.581,0.001046924
Marf1,2.90E-15,-0.142241426,0.89,0.888,6.75E-11
Dcaf6,7.47E-10,-0.141235543,0.631,0.675,1.74E-05
Srsf10,3.92E-13,-0.140926341,0.696,0.731,9.12E-09
A4galt,1.98E-17,-0.140728521,0.348,0.433,4.62E-13
Dscam,5.97E-08,-0.140388972,0.418,0.466,0.001390583
Cacna1e,1.04E-07,-0.140235387,0.497,0.551,0.002417931
Slc6a15,3.50E-12,-0.139840475,0.868,0.859,8.14E-08
Srek1,2.86E-16,-0.139269029,0.57,0.636,6.65E-12
Lims1,1.22E-11,-0.139266398,0.845,0.853,2.85E-07
Hivep2,5.70E-07,-0.139200889,0.764,0.772,0.01327067
Scn11a,5.55E-07,-0.138831589,0.68,0.703,0.012928496
9330159F19Rik,4.60E-10,-0.138726076,0.727,0.722,1.07E-05
Dock7,3.02E-09,-0.138385994,0.704,0.736,7.03E-05
Hnrnph1,4.46E-12,-0.138318495,0.849,0.844,1.04E-07
Gnl3l,2.47E-12,-0.137930959,0.926,0.915,5.76E-08
Syn3,2.29E-11,-0.137386257,0.454,0.531,5.34E-07
Sos1,1.14E-11,-0.136875007,0.831,0.84,2.66E-07
Atp6ap2,1.75E-06,-0.136646213,0.951,0.938,0.040808189
Slc5a3,5.94E-09,-0.136639595,0.556,0.599,0.000138265
Abcg1,1.21E-09,-0.136564484,0.665,0.706,2.82E-05
Taok1,1.10E-11,-0.136392243,0.911,0.901,2.56E-07
Kmt2c,1.54E-09,-0.136323548,0.685,0.719,3.59E-05
Akap6,5.50E-07,-0.13619721,0.941,0.925,0.012818848
Spred2,3.23E-14,-0.136053519,0.762,0.78,7.53E-10
Cntn3,9.33E-11,-0.135783958,0.397,0.466,2.17E-06
Fzd3,1.11E-07,-0.135708775,0.729,0.754,0.002585023
AW549877,1.25E-11,-0.135498307,0.752,0.771,2.92E-07
Xkr4,1.79E-06,-0.135410973,0.33,0.377,0.041754251
Foxp1,2.69E-08,-0.135065105,0.672,0.7,0.000627431
Trip12,6.44E-11,-0.134962636,0.842,0.847,1.50E-06
Enah,2.80E-10,-0.134913398,0.965,0.955,6.52E-06
Ppp1cb,6.67E-13,-0.134407354,0.915,0.901,1.55E-08
Mrgpra2b,6.76E-10,-0.134366542,0.15,0.215,1.57E-05
Slc35a5,4.40E-12,-0.134250503,0.716,0.74,1.03E-07
Nsd3,2.45E-07,-0.133859673,0.731,0.729,0.005710765
Crebbp,1.04E-06,-0.133780265,0.739,0.745,0.02420814
Ankrd28,2.85E-09,-0.133642608,0.428,0.481,6.64E-05
Prrc2b,1.27E-10,-0.133610674,0.945,0.937,2.95E-06
Mtpn,2.36E-13,-0.133487056,0.926,0.906,5.49E-09
Atp11b,1.72E-10,-0.133259313,0.614,0.652,4.02E-06
Cyfip2,5.90E-14,-0.13317893,0.976,0.966,1.37E-09
Tcf20,3.35E-11,-0.132920224,0.607,0.663,7.79E-07
Pakap,1.19E-10,-0.132437692,0.503,0.558,2.77E-06
Ptbp2,3.80E-13,-0.13242747,0.859,0.864,8.85E-09
Hnrnpm,1.62E-07,-0.132373759,0.729,0.752,0.003780704
Slc25a36,2.17E-09,-0.132304786,0.681,0.715,5.04E-05
Osbpl8,1.02E-08,-0.131878624,0.755,0.761,0.000237553
Epb41l3,3.05E-15,-0.131798426,0.968,0.969,7.11E-11
A330023F24Rik,1.45E-18,-0.131554213,0.285,0.385,3.38E-14
Fndc3b,1.32E-06,-0.131303595,0.612,0.647,0.030690075
Mapk10,9.24E-10,-0.130846381,0.911,0.893,2.15E-05
Spin1,1.10E-11,-0.130836922,0.88,0.87,2.56E-07
Ccser2,8.61E-16,-0.130785289,0.971,0.955,2.00E-11
Fam172a,1.60E-06,-0.130770455,0.594,0.611,0.037324874
Ldlrad3,5.97E-11,-0.130426245,0.37,0.434,1.39E-06
5330434G04Rik,1.04E-06,-0.130341373,0.747,0.749,0.024204093
Atp6v1h,1.13E-07,-0.1301764,0.638,0.668,0.002620306
Ambra1,1.66E-07,-0.130116112,0.496,0.544,0.003871218
Mapk1,2.25E-12,-0.129618642,0.944,0.914,5.25E-08
Ap1ar,1.84E-06,-0.129537467,0.8,0.796,0.042758657
Palm,2.82E-07,-0.129485473,0.815,0.806,0.006556578
Myef2,1.26E-10,-0.1292853,0.677,0.712,2.93E-06
Nufip2,8.55E-11,-0.128793358,0.828,0.825,1.99E-06
Arhgef11,3.79E-13,-0.128738966,0.598,0.648,8.82E-09
Xiap,3.86E-09,-0.12839258,0.866,0.855,9.00E-05
Gpr149,1.41E-06,-0.12834637,0.64,0.678,0.032947107
Rbbp4,4.78E-09,-0.1282961,0.779,0.784,0.000111293
Dnajb4,4.92E-11,-0.128257663,0.74,0.764,1.14E-06
Kdm3a,1.97E-06,-0.12810253,0.321,0.375,0.045854439
Gpatch8,2.00E-09,-0.128094493,0.737,0.744,4.67E-05
Carf,2.38E-07,-0.128062848,0.222,0.277,0.005544265
Braf,5.53E-09,-0.128033475,0.721,0.743,0.000128808
Usp19,9.94E-12,-0.127653735,0.672,0.706,2.31E-07
Jph4,2.91E-12,-0.127521802,0.947,0.934,6.78E-08
Stt3b,1.13E-07,-0.127471462,0.863,0.86,0.002634708
Morf4l2,5.44E-13,-0.127106183,0.922,0.908,1.27E-08
Slc17a6,5.24E-13,-0.126980817,0.949,0.95,1.22E-08
Slc2a13,7.60E-07,-0.126967334,0.518,0.569,0.017708629
Smg1,9.29E-08,-0.126951072,0.533,0.572,0.002163246
Mib1,4.88E-10,-0.126930503,0.806,0.804,1.14E-05
Hdac2,8.16E-07,-0.126899076,0.841,0.837,0.019004875
Araf,6.25E-12,-0.126137135,0.87,0.854,1.45E-07
Add2,5.70E-11,-0.125896786,0.851,0.849,1.33E-06
Fam102b,5.54E-10,-0.125891935,0.952,0.941,1.29E-05
Agfg1,4.05E-08,-0.12574702,0.844,0.842,0.000942809
Cep170,8.02E-11,-0.125376213,0.73,0.757,1.87E-06
Sdhd,1.13E-08,-0.12494976,0.739,0.75,0.000263532
Tex2,6.15E-07,-0.124855396,0.812,0.808,0.014310872
Tmed8,2.25E-08,-0.124836133,0.877,0.886,0.000524731
Klhl7,1.43E-10,-0.124608005,0.559,0.609,3.34E-06
Ptma,1.06E-10,-0.124349274,0.982,0.97,2.46E-06
Arfgef2,4.37E-07,-0.124289398,0.704,0.72,0.010181545
Atxn2l,4.23E-13,-0.123645048,0.484,0.552,9.86E-09
Nlk,1.05E-08,-0.12355493,0.742,0.748,0.000245289
Ubn2,6.71E-07,-0.123485666,0.61,0.637,0.015631949
Tnrc18,8.93E-12,-0.12339337,0.516,0.575,2.08E-07
Tmem135,1.33E-07,-0.122876925,0.693,0.709,0.003090866
Sgms1,7.13E-07,-0.122622613,0.686,0.709,0.016608998
Dclk1,5.28E-08,-0.122312052,0.801,0.818,0.001230635
Krit1,1.22E-11,-0.122248513,0.567,0.617,2.85E-07
Selenoi,8.38E-10,-0.121895733,0.532,0.576,1.95E-05
Myt1l,1.28E-07,-0.121579791,0.9,0.892,0.002976479
Arglu1,1.70E-10,-0.121491151,0.708,0.736,3.97E-06
Myadm,4.21E-13,-0.121153782,0.47,0.538,9.80E-09
Ranbp9,1.77E-11,-0.120799995,0.694,0.734,4.11E-07
Phf21a,2.75E-07,-0.120596412,0.568,0.597,0.006393078
Dpysl3,1.74E-09,-0.120453511,0.947,0.948,4.06E-05
Nktr,6.59E-08,-0.120334052,0.659,0.694,0.001535324
Peli1,8.53E-07,-0.120294318,0.701,0.72,0.019855995
Spock2,6.42E-10,-0.120018611,0.988,0.984,1.49E-05
Rnf103,7.54E-09,-0.119831834,0.659,0.688,0.000175649
Arid1b,3.73E-07,-0.119677339,0.732,0.731,0.00867863
Anks1b,9.47E-08,-0.119594687,0.637,0.663,0.002205309
Sult4a1,3.83E-09,-0.119183268,0.983,0.977,8.93E-05
Epn2,1.58E-08,-0.118902361,0.77,0.782,0.000366848
Nsf,8.94E-12,-0.118687645,0.929,0.921,2.08E-07
Rusc2,8.30E-11,-0.118631926,0.602,0.642,1.93E-06
Cpne1,5.94E-10,-0.118564168,0.675,0.706,1.38E-05
Opcml,1.48E-06,-0.118447265,0.245,0.298,0.034458921
Usp31,2.11E-10,-0.118382504,0.763,0.778,4.92E-06
Grik1,2.32E-07,-0.118282675,0.318,0.38,0.005405558
Ap2a2,1.45E-11,-0.118109481,0.959,0.948,3.38E-07
Reps2,3.89E-07,-0.117950694,0.634,0.673,0.009067207
Xpo1,6.97E-08,-0.117935,0.746,0.756,0.001622707
Ctnnb1,4.50E-10,-0.117877621,0.951,0.933,1.05E-05
Mapk1ip1l,6.46E-07,-0.117416612,0.679,0.702,0.015053603
Pdia4,2.85E-15,-0.11716903,0.359,0.449,6.63E-11
Atp2a2,4.18E-07,-0.117114928,0.962,0.953,0.009737481
Gmfb,4.55E-08,-0.117109432,0.941,0.923,0.001059124
Csrnp3,1.05E-08,-0.117062721,0.625,0.657,0.000244507
Adamtsl3,1.04E-08,-0.116997546,0.353,0.413,0.000241434
Arih1,4.44E-07,-0.116970881,0.82,0.822,0.01033932
Mapt,1.29E-15,-0.116830144,0.978,0.973,3.01E-11
Lonrf2,1.96E-07,-0.116726305,0.87,0.864,0.004568799
Grik4,2.84E-07,-0.11668271,0.389,0.438,0.006619748
Zdhhc14,2.44E-08,-0.116404318,0.591,0.638,0.000568196
Lmbrd2,6.13E-07,-0.115280409,0.853,0.85,0.014276323
Zfp280d,5.60E-11,-0.115222873,0.476,0.541,1.30E-06
Kansl1,6.19E-08,-0.115094339,0.718,0.73,0.001440527
R3hdm2,4.01E-07,-0.115083984,0.83,0.839,0.009333143
Cdk17,7.96E-09,-0.114872157,0.623,0.665,0.000185283
Gsr,1.12E-06,-0.114824507,0.801,0.804,0.026007335
Tmem65,3.87E-07,-0.11472745,0.854,0.831,0.009023279
Hivep3,1.84E-06,-0.114509754,0.693,0.712,0.042861901
Usp45,1.85E-06,-0.114440585,0.633,0.65,0.043038729
Tnpo1,5.51E-07,-0.11427643,0.514,0.556,0.01283958
Trim67,1.37E-09,-0.114199181,0.595,0.639,3.18E-05
Six1,7.61E-08,-0.113989817,0.883,0.871,0.001771366
Capza1,9.35E-09,-0.113949036,0.877,0.864,0.000217824
Plekha6,1.27E-07,-0.113914118,0.779,0.785,0.002965124
Greb1l,3.42E-07,-0.113909514,0.365,0.424,0.007965351
2900097C17Rik,1.20E-13,-0.113908498,0.988,0.978,2.79E-09
Hsph1,2.82E-09,-0.113648848,0.946,0.936,6.56E-05
Xpot,5.87E-08,-0.113644605,0.589,0.63,0.00136631
Bmpr2,7.21E-12,-0.113603328,0.947,0.939,1.68E-07
Gmcl1,3.14E-10,-0.113462006,0.682,0.716,7.31E-06
Cdh18,1.04E-11,-0.113459443,0.284,0.356,2.43E-07
Snhg14,2.99E-07,-0.112995817,0.602,0.633,0.006971094
Fnbp1,1.34E-07,-0.112972934,0.857,0.847,0.003121106
Dapk1,2.18E-08,-0.112939541,0.688,0.707,0.000506652
Rps29,2.05E-27,-0.112917756,0.996,0.988,4.78E-23
Gm31698,3.24E-10,-0.112536118,0.135,0.194,7.55E-06
Pkia,2.06E-07,-0.112444362,0.788,0.786,0.004787218
Usp33,4.62E-09,-0.112134233,0.781,0.788,0.000107485
Ids,3.57E-08,-0.112099668,0.963,0.944,0.000831568
Igip,3.93E-09,-0.111940481,0.779,0.788,9.15E-05
Fam131b,9.27E-08,-0.111870244,0.635,0.661,0.002158968
Azin2,2.53E-07,-0.111694809,0.537,0.579,0.005881158
Plekhm3,1.74E-08,-0.11150986,0.885,0.879,0.000406132
Caprin1,2.78E-11,-0.111477123,0.942,0.924,6.48E-07
Mirg,4.95E-09,-0.111176158,0.365,0.428,0.000115379
Tbc1d5,5.48E-09,-0.11067672,0.534,0.573,0.00012765
Cblc,7.04E-16,-0.11011213,0.07,0.135,1.64E-11
Ywhaz,1.33E-19,-0.110031804,0.993,0.986,3.09E-15
Supt20,7.17E-08,-0.109763138,0.566,0.602,0.001670468
Wdr47,7.52E-07,-0.1096515,0.81,0.819,0.01752103
Ssbp2,7.41E-07,-0.109626682,0.833,0.83,0.017245412
Cyld,2.60E-08,-0.109573644,0.665,0.696,0.000605586
Ubfd1,5.37E-07,-0.109488036,0.588,0.619,0.012504404
Bbx,1.10E-06,-0.109238352,0.7,0.715,0.025673429
Zdhhc21,7.14E-07,-0.109188987,0.847,0.839,0.0166315
Tbc1d9,1.35E-06,-0.109126722,0.844,0.837,0.03145656
Rab28,9.95E-14,-0.109035298,0.676,0.714,2.32E-09
Mllt3,4.37E-07,-0.108964505,0.782,0.787,0.010168125
Jarid2,1.08E-09,-0.108805952,0.497,0.553,2.52E-05
Tnrc6b,2.37E-08,-0.108624244,0.906,0.893,0.000551188
Rhoa,3.62E-07,-0.108425539,0.936,0.911,0.008433355
Ppp2r2c,8.63E-11,-0.108251283,0.947,0.929,2.01E-06
Cpeb4,7.53E-08,-0.108197868,0.779,0.774,0.001753703
Rasal2,9.67E-07,-0.107640456,0.787,0.798,0.022522491
Fer,1.73E-06,-0.107420228,0.453,0.498,0.040307869
Relch,3.12E-08,-0.107395517,0.723,0.737,0.000726047
Srsf7,1.89E-08,-0.107196529,0.753,0.763,0.000440576
Necap1,7.25E-08,-0.107105883,0.863,0.853,0.001689316
Kdm6a,6.11E-07,-0.107046217,0.525,0.567,0.01423064
Ptbp3,1.76E-07,-0.106962592,0.819,0.806,0.00409385
Grik2,1.89E-06,-0.106954986,0.445,0.496,0.043925928
Prdx3,7.58E-07,-0.106890774,0.744,0.75,0.017646381
U2af2,4.90E-08,-0.106877033,0.693,0.705,0.001142225
Nrg3os,6.23E-25,-0.10687263,0.175,0.286,1.45E-20
Canx,1.08E-11,-0.106819711,0.975,0.96,2.51E-07
Ankrd10,4.89E-08,-0.106694699,0.528,0.571,0.001138405
Bicd1,1.06E-08,-0.106490694,0.784,0.803,0.000247729
Raf1,1.41E-07,-0.10642523,0.554,0.587,0.003291489
Stxbp5,1.33E-06,-0.105848927,0.688,0.71,0.031047558
Ppp6r1,6.66E-09,-0.105054404,0.606,0.65,0.000155047
Bpnt1,7.71E-10,-0.105031032,0.649,0.693,1.80E-05
Gnaq,1.10E-10,-0.104647927,0.966,0.952,2.57E-06
Ptges3,7.83E-10,-0.104523808,0.966,0.946,1.82E-05
Mcf2l,7.77E-07,-0.104328817,0.626,0.649,0.018084693
Chmp4b,8.07E-09,-0.104288161,0.956,0.937,0.000187898
Zmynd11,4.72E-07,-0.104277373,0.85,0.849,0.01098667
Tmed7,2.30E-09,-0.104178699,0.661,0.695,5.36E-05
Rnf44,1.06E-07,-0.104140705,0.653,0.684,0.002456889
Gtf2a1,3.61E-09,-0.104131618,0.577,0.62,8.40E-05
Med13,1.10E-07,-0.103538158,0.637,0.657,0.00255744
Gm28198,4.61E-12,-0.103514507,0.136,0.204,1.07E-07
Atp5e,1.67E-10,-0.103405268,0.99,0.969,3.90E-06
Spag9,1.71E-09,-0.103395793,0.921,0.913,3.99E-05
Hipk3,3.99E-07,-0.103285984,0.721,0.73,0.009296347
Ppp3ca,2.35E-07,-0.102969638,0.97,0.969,0.005463411
Sh3kbp1,4.54E-07,-0.102545573,0.76,0.784,0.010562806
Ythdf3,2.57E-08,-0.102424944,0.7,0.717,0.000598712
Ncoa7,3.62E-08,-0.102214496,0.982,0.975,0.000843848
Pds5b,2.80E-08,-0.102089319,0.702,0.736,0.000652758
Mir124a-1hg,5.61E-14,-0.10181888,0.3,0.386,1.31E-09
Slc4a10,6.63E-12,-0.101805212,0.114,0.178,1.54E-07
Tra2a,2.59E-08,-0.101785673,0.652,0.692,0.000603385
Ddx6,1.53E-07,-0.101756557,0.924,0.916,0.003563079
Ankrd46,1.39E-06,-0.101688889,0.872,0.85,0.032408941
Rmnd5a,1.01E-06,-0.101600582,0.649,0.663,0.023412647
Klhl2,1.33E-08,-0.101342896,0.515,0.568,0.000309053
Tmem184b,8.34E-07,-0.10115231,0.626,0.655,0.019421699
Ssbp3,6.10E-09,-0.100612403,0.92,0.894,0.000142161
Atn1,4.75E-08,-0.100385464,0.63,0.658,0.001106345
Ndrg1,3.56E-15,0.100006228,0.626,0.5,8.29E-11
Malsu1,4.82E-22,0.100109495,0.62,0.502,1.12E-17
Hmgcs2,1.06E-20,0.100250348,0.394,0.27,2.47E-16
Atp1b1,1.08E-07,0.100326883,0.986,0.984,0.002516021
Prnp,1.71E-10,0.100419635,0.878,0.816,3.98E-06
Mfap3l,2.98E-18,0.100427011,0.467,0.349,6.95E-14
Bsg,2.68E-11,0.100459226,0.979,0.954,6.23E-07
Ckmt1,3.16E-10,0.10086484,0.874,0.825,7.36E-06
Tifa,2.29E-07,0.101778511,0.33,0.273,0.005343223
Nsmce1,9.49E-17,0.102062625,0.46,0.361,2.21E-12
Vamp1,1.87E-06,0.102122405,0.79,0.725,0.043543771
2410006H16Rik,1.24E-07,0.102148876,0.928,0.873,0.002887682
Tuba4a,2.08E-11,0.102301894,0.818,0.747,4.84E-07
Stx1b,1.59E-09,0.102639912,0.796,0.743,3.70E-05
Npc2,1.31E-16,0.102835369,0.921,0.874,3.05E-12
Rpl36,7.14E-09,0.103058689,0.99,0.962,0.000166362
Snapc5,7.71E-14,0.103817633,0.807,0.734,1.80E-09
Sostdc1,4.92E-17,0.103849486,0.386,0.272,1.15E-12
Cib2,1.33E-09,0.104015286,0.816,0.757,3.10E-05
Pttg1,3.70E-13,0.104317524,0.707,0.627,8.61E-09
Slc4a4,1.22E-10,0.104514803,0.672,0.583,2.85E-06
Eif5a,4.06E-14,0.104728294,0.963,0.935,9.44E-10
Dnajc2,9.21E-18,0.104859105,0.666,0.579,2.15E-13
Mrps6,5.71E-15,0.104935044,0.754,0.663,1.33E-10
Nkiras1,7.58E-16,0.105106001,0.864,0.804,1.76E-11
Sys1,3.39E-17,0.105142314,0.648,0.547,7.88E-13
Sfrp5,4.74E-19,0.105198208,0.558,0.414,1.10E-14
Fuom,4.71E-18,0.105236019,0.839,0.759,1.10E-13
Pmepa1,2.46E-15,0.105964862,0.719,0.605,5.73E-11
Smim12,1.40E-12,0.106296844,0.849,0.793,3.26E-08
C1d,9.87E-13,0.106447435,0.923,0.876,2.30E-08
Actg1,3.22E-20,0.106457177,0.998,0.998,7.50E-16
Cox20,3.91E-15,0.106645712,0.764,0.67,9.12E-11
Pcbd2,2.21E-13,0.106675917,0.84,0.764,5.14E-09
U2af1,4.39E-18,0.106728349,0.821,0.744,1.02E-13
Tmem14c,2.23E-15,0.106750915,0.794,0.712,5.20E-11
Cmtm5,1.16E-22,0.10681884,0.455,0.313,2.70E-18
Eif3e,4.58E-13,0.107109648,0.837,0.777,1.07E-08
Hmox2,1.80E-16,0.107116297,0.811,0.738,4.18E-12
2310022B05Rik,4.78E-14,0.107163978,0.491,0.397,1.11E-09
Cidea,3.10E-10,0.107178692,0.376,0.297,7.23E-06
Slc17a7,7.75E-08,0.107749792,0.104,0.063,0.001805859
Pfdn2,1.54E-09,0.107791079,0.948,0.908,3.58E-05
Ttc1,2.30E-17,0.107848313,0.783,0.716,5.37E-13
Ndufa10,1.08E-16,0.10803167,0.933,0.897,2.52E-12
Eef1akmt1,2.79E-19,0.108210228,0.628,0.525,6.51E-15
Mvd,8.07E-17,0.108326283,0.638,0.552,1.88E-12
Glrx5,4.78E-12,0.108403859,0.915,0.858,1.11E-07
Tm2d3,1.47E-21,0.108605627,0.57,0.454,3.42E-17
Cd81,2.34E-09,0.108700874,0.878,0.824,5.45E-05
Dnlz,6.06E-13,0.10872257,0.919,0.866,1.41E-08
Mrpl32,6.06E-21,0.108773128,0.696,0.587,1.41E-16
Tbca,8.58E-12,0.108870983,0.983,0.956,2.00E-07
Trappc6a,2.12E-17,0.109134707,0.695,0.589,4.94E-13
Cald1,4.30E-17,0.109626882,0.441,0.325,1.00E-12
Mrpl17,1.65E-16,0.110023964,0.857,0.785,3.84E-12
Nap1l5,9.25E-09,0.110094023,0.971,0.943,0.000215436
Jpt1,4.82E-07,0.110185539,0.922,0.879,0.011215712
Prdx6,2.69E-15,0.110316037,0.873,0.815,6.26E-11
BC031181,2.47E-17,0.110508299,0.938,0.897,5.76E-13
Sox10,3.81E-22,0.110640497,0.41,0.28,8.88E-18
Atp6v1d,4.73E-16,0.110874193,0.889,0.844,1.10E-11
Ndufaf2,4.44E-14,0.110895257,0.696,0.615,1.04E-09
Aimp1,4.68E-15,0.111236896,0.881,0.827,1.09E-10
B3gat3,1.22E-12,0.111346096,0.886,0.843,2.84E-08
Eif3l,2.47E-22,0.11173506,0.667,0.554,5.75E-18
Nudt2,1.22E-20,0.111793235,0.568,0.459,2.84E-16
Hebp2,1.55E-13,0.111932389,0.711,0.627,3.61E-09
Aamdc,2.99E-15,0.112040255,0.806,0.733,6.97E-11
Mrpl43,1.37E-16,0.112206982,0.812,0.75,3.20E-12
Mtdh,2.66E-18,0.112585413,0.796,0.718,6.19E-14
Stard4,5.32E-11,0.112816577,0.87,0.821,1.24E-06
Chchd6,1.30E-17,0.112920664,0.766,0.681,3.02E-13
Atp5a1,4.09E-12,0.113148449,0.986,0.969,9.53E-08
Pip4p1,4.35E-16,0.113800476,0.856,0.782,1.01E-11
Pop5,1.55E-15,0.114074071,0.908,0.857,3.62E-11
Hras,1.54E-12,0.114077631,0.955,0.928,3.60E-08
Dctn2,1.36E-16,0.114204137,0.943,0.902,3.17E-12
Tspan3,1.27E-18,0.11436584,0.941,0.9,2.95E-14
Llph,2.92E-14,0.114384685,0.808,0.734,6.80E-10
Txnl4a,2.14E-17,0.114412449,0.847,0.766,4.99E-13
Nr2f2,2.70E-14,0.114471567,0.638,0.529,6.28E-10
Snhg12,1.16E-15,0.114534484,0.672,0.58,2.70E-11
Psmd4,1.11E-15,0.114775979,0.838,0.772,2.59E-11
Zmat2,5.29E-15,0.114806024,0.897,0.842,1.23E-10
Emc4,1.17E-22,0.11498923,0.725,0.632,2.71E-18
Sec61b,1.34E-14,0.115113882,0.878,0.809,3.13E-10
Mmd2,1.93E-21,0.115335411,0.489,0.348,4.49E-17
Mrpl35,1.82E-21,0.115376533,0.789,0.698,4.23E-17
Nol7,5.37E-19,0.115558248,0.782,0.703,1.25E-14
Arpc5l,4.07E-16,0.115660428,0.93,0.875,9.47E-12
Surf1,3.77E-18,0.115760532,0.81,0.736,8.77E-14
Tmem208,3.63E-19,0.115817051,0.765,0.677,8.46E-15
Pabpn1,4.28E-16,0.116245525,0.844,0.783,9.98E-12
Ifitm2,1.09E-16,0.116393064,0.555,0.452,2.54E-12
Atp5j2,1.39E-12,0.116456224,0.986,0.972,3.24E-08
Zbtb8os,2.09E-22,0.116623,0.626,0.51,4.87E-18
Mcts1,1.25E-17,0.116772982,0.833,0.777,2.92E-13
Mrpl57,1.00E-16,0.116930317,0.912,0.837,2.33E-12
Vldlr,1.93E-16,0.117072776,0.464,0.353,4.50E-12
Trappc6b,1.84E-13,0.117195106,0.936,0.889,4.28E-09
Mrpl11,8.85E-18,0.117376329,0.796,0.708,2.06E-13
Zcchc17,7.45E-14,0.117697064,0.855,0.791,1.74E-09
Mrps36,1.49E-12,0.117912544,0.906,0.851,3.46E-08
Arpc3,6.92E-17,0.1180764,0.871,0.829,1.61E-12
Sap30l,3.69E-14,0.11839439,0.841,0.759,8.58E-10
Vti1b,1.65E-15,0.118489117,0.928,0.882,3.85E-11
Gpam,2.40E-20,0.118494157,0.483,0.364,5.60E-16
Fasn,1.19E-16,0.118529718,0.892,0.826,2.77E-12
Ubxn4,4.81E-20,0.118616075,0.806,0.735,1.12E-15
Ndufv1,2.91E-12,0.118715066,0.826,0.75,6.78E-08
C1qbp,5.64E-17,0.118852105,0.889,0.81,1.31E-12
Rras,2.01E-11,0.118992795,0.83,0.784,4.67E-07
Arxes1,1.03E-09,0.11922695,0.365,0.294,2.41E-05
Psma5,5.00E-17,0.119329022,0.859,0.804,1.16E-12
Med29,1.92E-21,0.119395467,0.619,0.506,4.47E-17
Hspb1,7.89E-07,0.11939666,0.941,0.912,0.018369094
Eno1,1.45E-12,0.119447408,0.867,0.804,3.37E-08
Prdx4,1.54E-22,0.119941642,0.512,0.392,3.58E-18
Snu13,3.79E-15,0.119985974,0.947,0.9,8.82E-11
Jtb,1.70E-20,0.120662239,0.744,0.641,3.96E-16
Fibp,2.40E-29,0.121096015,0.679,0.544,5.59E-25
Dgcr6,2.27E-15,0.121161716,0.87,0.802,5.28E-11
H3f3a,3.82E-12,0.121188163,0.91,0.851,8.90E-08
Dpy30,4.88E-20,0.121190451,0.848,0.778,1.14E-15
Fkbp8,3.01E-13,0.121291047,0.951,0.899,7.00E-09
Hspe1,1.76E-11,0.121421756,0.967,0.928,4.11E-07
Phyh,2.02E-23,0.12216133,0.712,0.595,4.70E-19
Rpl22,1.55E-11,0.122245549,0.957,0.903,3.60E-07
Anapc11,2.96E-13,0.122314721,0.95,0.905,6.90E-09
Rp9,3.88E-17,0.12252503,0.904,0.836,9.04E-13
Eif3g,1.14E-24,0.12253502,0.707,0.599,2.66E-20
Naxe,1.98E-22,0.122620382,0.688,0.579,4.60E-18
Selenoh,3.40E-16,0.122670167,0.807,0.746,7.93E-12
2210016L21Rik,2.15E-18,0.122767842,0.879,0.815,5.01E-14
Gpx4,4.58E-12,0.122867265,0.987,0.973,1.07E-07
Lsm4,3.90E-15,0.123371708,0.857,0.792,9.08E-11
Arl2,4.39E-19,0.123605959,0.911,0.847,1.02E-14
Plaat3,2.60E-26,0.123759269,0.439,0.294,6.05E-22
Thoc7,1.90E-19,0.123820017,0.903,0.841,4.43E-15
Ier3ip1,3.39E-13,0.12408335,0.942,0.905,7.89E-09
Ccdc85b,8.36E-17,0.124111669,0.903,0.838,1.95E-12
Polr2j,4.04E-19,0.124338619,0.844,0.767,9.41E-15
Sra1,8.87E-20,0.124611267,0.704,0.611,2.06E-15
Guk1,1.31E-14,0.124749988,0.964,0.922,3.05E-10
Nsa2,1.03E-16,0.124763983,0.898,0.835,2.41E-12
Fbln2,8.76E-25,0.125149859,0.438,0.296,2.04E-20
Mrpl13,7.26E-22,0.12522825,0.792,0.687,1.69E-17
Prxl2b,5.30E-17,0.125238167,0.769,0.692,1.23E-12
Matn2,2.40E-16,0.125277406,0.542,0.437,5.59E-12
Tcp1,6.36E-25,0.12529553,0.894,0.831,1.48E-20
Rnasek,8.84E-15,0.125521901,0.986,0.96,2.06E-10
Higd2a,1.57E-15,0.126413657,0.95,0.908,3.66E-11
Psmd8,1.68E-21,0.126423718,0.807,0.73,3.90E-17
Itm2b,1.54E-14,0.126530872,0.99,0.982,3.58E-10
Txndc17,2.25E-14,0.126601647,0.966,0.922,5.24E-10
Nhp2,8.31E-24,0.126690238,0.816,0.736,1.94E-19
Slc25a3,5.77E-17,0.126737425,0.983,0.961,1.34E-12
Rplp2,1.25E-16,0.126749971,0.989,0.962,2.92E-12
Shisa4,2.33E-15,0.126773509,0.81,0.738,5.43E-11
Rpl34,3.84E-11,0.126805339,0.986,0.956,8.94E-07
Snrpd3,5.19E-18,0.126809677,0.874,0.811,1.21E-13
Eif6,1.00E-19,0.127014629,0.682,0.582,2.33E-15
Pop7,2.25E-22,0.127071572,0.746,0.631,5.24E-18
Nabp2,8.71E-21,0.127194537,0.772,0.692,2.03E-16
Cacybp,8.28E-18,0.127212396,0.929,0.885,1.93E-13
Atp1b2,3.41E-25,0.127499373,0.47,0.328,7.93E-21
Atox1,3.43E-12,0.127940483,0.97,0.933,7.98E-08
Avpi1,9.62E-22,0.128084218,0.579,0.471,2.24E-17
Ptrhd1,3.10E-20,0.12823768,0.698,0.591,7.21E-16
Pcp4l1,6.66E-07,0.128303116,0.321,0.258,0.015509287
Napg,1.81E-19,0.128333839,0.87,0.824,4.21E-15
Sncg,2.23E-13,0.128874432,0.998,0.998,5.20E-09
Sumo2,6.06E-18,0.129213457,0.96,0.921,1.41E-13
Aarsd1,2.13E-22,0.129317831,0.685,0.574,4.96E-18
Cyc1,2.83E-17,0.129388276,0.922,0.872,6.59E-13
Snrpn,5.35E-12,0.129523936,0.971,0.946,1.25E-07
Eloc,6.25E-16,0.129788507,0.963,0.915,1.46E-11
Lsm7,9.10E-15,0.129957178,0.849,0.785,2.12E-10
Gamt,7.12E-17,0.130033786,0.652,0.555,1.66E-12
Atp11a,3.55E-07,0.130154126,0.857,0.8,0.008270513
Mphosph8,5.68E-17,0.130203576,0.85,0.79,1.32E-12
Cdkn2d,7.10E-18,0.130756753,0.883,0.823,1.65E-13
Serpinb6a,5.08E-19,0.130897669,0.978,0.96,1.18E-14
Psmd12,4.34E-19,0.131474925,0.825,0.758,1.01E-14
Bola1,2.32E-23,0.131540732,0.644,0.521,5.40E-19
Mal,4.44E-25,0.131623277,0.431,0.292,1.03E-20
Lsm12,3.70E-17,0.131794452,0.761,0.698,8.62E-13
Cct5,5.89E-20,0.132207562,0.826,0.744,1.37E-15
Mrps34,3.85E-25,0.132415736,0.769,0.663,8.96E-21
Trappc4,1.36E-20,0.132723125,0.925,0.869,3.18E-16
Mrpl18,6.04E-23,0.132876565,0.831,0.753,1.41E-18
Prdx1,3.49E-13,0.132889636,0.98,0.955,8.13E-09
Cmbl,4.70E-19,0.133182317,0.634,0.537,1.09E-14
Vps29,2.75E-17,0.133585542,0.887,0.831,6.40E-13
Blvrb,4.68E-23,0.133610156,0.71,0.617,1.09E-18
Med28,6.44E-21,0.133659815,0.852,0.789,1.50E-16
Acsbg1,1.05E-27,0.133791826,0.465,0.313,2.45E-23
Acbd6,2.81E-26,0.134025192,0.771,0.663,6.53E-22
Ptpmt1,4.96E-22,0.134065968,0.785,0.694,1.15E-17
Ddrgk1,5.88E-27,0.134098467,0.736,0.628,1.37E-22
Fkbp1b,1.68E-11,0.134176124,0.984,0.952,3.90E-07
Atp5g2,5.39E-16,0.134184991,0.975,0.943,1.26E-11
Cops6,1.42E-24,0.134342726,0.81,0.72,3.31E-20
Rcan2,2.98E-10,0.134487216,0.902,0.847,6.94E-06
Eny2,1.36E-19,0.134498565,0.869,0.796,3.16E-15
Fam204a,7.82E-13,0.134646901,0.637,0.558,1.82E-08
Hagh,1.83E-23,0.13465633,0.76,0.656,4.27E-19
Tomm20,6.68E-27,0.134778334,0.962,0.928,1.55E-22
Zfp580,7.11E-21,0.134941498,0.679,0.58,1.66E-16
Fermt2,1.75E-20,0.135009794,0.773,0.676,4.07E-16
Ciao2b,2.96E-16,0.135114944,0.874,0.812,6.89E-12
Akr1a1,8.53E-15,0.135382604,0.974,0.932,1.99E-10
Ybx1,5.01E-13,0.135387797,0.848,0.788,1.17E-08
Uqcc3,2.69E-20,0.135449126,0.867,0.786,6.26E-16
Msrb1,3.57E-21,0.135577466,0.805,0.706,8.32E-17
A2ml1,1.17E-07,0.135754485,0.882,0.835,0.002726153
Timm10,7.25E-22,0.135928707,0.862,0.772,1.69E-17
Mrps12,3.10E-20,0.13635495,0.906,0.861,7.22E-16
Bmyc,1.24E-20,0.136528976,0.899,0.82,2.89E-16
Mrps16,9.70E-24,0.136932007,0.824,0.744,2.26E-19
Srp9,2.44E-18,0.137229425,0.948,0.896,5.67E-14
Syt11,2.78E-22,0.137287452,0.992,0.984,6.48E-18
Snx6,6.12E-23,0.137641969,0.847,0.775,1.43E-18
Rpl7a,2.66E-15,0.137642324,0.939,0.891,6.19E-11
Tmem126a,5.72E-24,0.137898693,0.726,0.617,1.33E-19
Pfdn4,1.50E-17,0.138093474,0.88,0.825,3.49E-13
Cnpy2,9.99E-32,0.138379119,0.728,0.603,2.33E-27
Tmem176b,5.58E-07,0.138386387,0.901,0.872,0.012995039
Mrpl21,1.07E-22,0.138639696,0.68,0.584,2.50E-18
1110008P14Rik,2.79E-13,0.138771835,0.967,0.924,6.50E-09
Use1,4.33E-23,0.138780643,0.888,0.812,1.01E-18
Tmbim4,1.25E-22,0.138996532,0.739,0.651,2.90E-18
Ftl1,2.60E-11,0.139474471,0.984,0.972,6.06E-07
Commd3,1.50E-22,0.13956205,0.761,0.664,3.50E-18
Arl6ip4,3.31E-22,0.140114583,0.781,0.704,7.71E-18
Zmat5,4.50E-25,0.140222636,0.676,0.551,1.05E-20
Tsn,3.16E-23,0.140477705,0.925,0.854,7.35E-19
Mrps18a,2.14E-24,0.140511711,0.895,0.833,4.99E-20
Rps27l,1.23E-16,0.14082141,0.937,0.892,2.87E-12
Eif3m,1.69E-25,0.141064584,0.757,0.651,3.94E-21
Scand1,2.58E-17,0.141741629,0.898,0.841,6.02E-13
Polr1d,2.40E-17,0.141867905,0.936,0.883,5.59E-13
Tesc,1.12E-15,0.141967452,0.696,0.603,2.62E-11
Lyrm2,1.24E-21,0.142054903,0.77,0.671,2.88E-17
Atp5mpl,1.50E-15,0.142565906,0.986,0.955,3.49E-11
Drap1,7.40E-21,0.142808295,0.913,0.851,1.72E-16
D8Ertd738e,2.78E-18,0.142924302,0.963,0.918,6.48E-14
Sh3bgrl3,6.68E-10,0.143146337,0.993,0.979,1.56E-05
Fam173a,1.51E-22,0.143290492,0.709,0.605,3.51E-18
Acot13,5.25E-22,0.143335942,0.809,0.731,1.22E-17
Hypk,6.73E-21,0.143432548,0.91,0.845,1.57E-16
Txnl1,2.56E-23,0.143620249,0.919,0.863,5.97E-19
Sec62,1.48E-21,0.143704899,0.951,0.918,3.45E-17
Rpl35a,3.88E-14,0.143837663,0.991,0.96,9.03E-10
Rab24,2.14E-25,0.143844953,0.801,0.714,4.99E-21
Nedd8,1.68E-19,0.144080192,0.989,0.968,3.92E-15
Psma1,2.61E-21,0.144295285,0.81,0.716,6.09E-17
Micos10,3.56E-19,0.145154451,0.974,0.943,8.29E-15
Lpar1,2.27E-20,0.145260402,0.623,0.474,5.28E-16
Rpl9,2.64E-18,0.145481779,0.989,0.962,6.14E-14
Nbdy,4.68E-20,0.14556641,0.946,0.894,1.09E-15
Zcrb1,4.37E-18,0.145588797,0.954,0.897,1.02E-13
Cox6c,2.88E-15,0.145960804,0.999,0.992,6.70E-11
Rhoc,1.68E-23,0.146023599,0.605,0.486,3.92E-19
Camk2n2,2.58E-17,0.146430003,0.913,0.854,6.02E-13
Pink1,1.18E-19,0.146745455,0.922,0.874,2.76E-15
S100a1,3.53E-23,0.146980545,0.658,0.53,8.21E-19
Supt4a,1.57E-25,0.147003137,0.857,0.783,3.65E-21
Rgcc,1.05E-20,0.147004815,0.577,0.447,2.45E-16
Sugt1,2.07E-22,0.147028862,0.88,0.819,4.82E-18
Tmem234,6.27E-22,0.147095311,0.904,0.84,1.46E-17
Nacc2,1.91E-09,0.147297874,0.867,0.827,4.44E-05
Mxra7,9.68E-17,0.147433665,0.819,0.75,2.25E-12
Ndufa2,9.24E-16,0.147636716,0.99,0.958,2.15E-11
Mrpl28,2.48E-26,0.147648879,0.82,0.724,5.78E-22
Hint2,1.15E-26,0.147773811,0.75,0.651,2.67E-22
Emp3,1.42E-10,0.147788822,0.546,0.464,3.30E-06
Rpl31,7.60E-17,0.147858067,0.966,0.915,1.77E-12
Sf3b6,4.01E-22,0.147862234,0.865,0.775,9.34E-18
Stub1,1.77E-26,0.147867539,0.931,0.882,4.12E-22
Ypel3,1.61E-13,0.148106637,0.98,0.951,3.74E-09
Naa38,6.22E-16,0.148404014,0.901,0.843,1.45E-11
Tmem60,1.22E-28,0.148457254,0.79,0.68,2.83E-24
Timm23,1.54E-30,0.148581014,0.849,0.76,3.58E-26
Chchd1,7.02E-20,0.14882506,0.919,0.855,1.63E-15
Emc6,1.03E-21,0.149071054,0.883,0.804,2.39E-17
Pin1,1.31E-22,0.14951465,0.873,0.796,3.04E-18
Socs3,4.58E-26,0.149944582,0.591,0.448,1.07E-21
Eef1g,4.29E-23,0.150035142,0.964,0.936,1.00E-18
Wdr83os,2.32E-26,0.150339176,0.929,0.875,5.41E-22
Tomm6,3.08E-17,0.150609409,0.965,0.922,7.17E-13
Map1lc3a,1.63E-18,0.150941677,0.99,0.98,3.79E-14
Eif2s2,9.87E-19,0.151194429,0.958,0.919,2.30E-14
Eef2,4.66E-24,0.152129429,0.976,0.956,1.09E-19
Nfu1,2.13E-23,0.152196277,0.759,0.667,4.97E-19
H2afz,5.88E-19,0.152330229,0.971,0.945,1.37E-14
Psmc5,1.02E-22,0.152683819,0.92,0.868,2.38E-18
Cltb,4.65E-25,0.152815534,0.934,0.885,1.08E-20
Ifi27,2.60E-14,0.152950603,0.892,0.849,6.06E-10
Psme2,1.46E-29,0.152994501,0.749,0.635,3.39E-25
Fam92a,9.20E-36,0.153138959,0.761,0.643,2.14E-31
Pnkd,1.11E-22,0.153218632,0.939,0.881,2.59E-18
Rplp1,1.45E-18,0.153259144,0.992,0.98,3.38E-14
Elob,3.44E-16,0.153388417,0.993,0.977,8.02E-12
Mrpl54,2.07E-22,0.153804684,0.92,0.859,4.83E-18
Lix1,1.75E-08,0.153827015,0.781,0.722,0.000407739
Myl12b,5.60E-15,0.154151332,0.96,0.923,1.30E-10
Psmd7,1.20E-26,0.154179886,0.874,0.813,2.79E-22
Ttll7,4.36E-10,0.154374886,0.985,0.975,1.02E-05
Dusp26,1.48E-16,0.154519193,0.878,0.835,3.44E-12
Ndufa5,2.11E-14,0.15479312,0.985,0.955,4.91E-10
Lamtor2,1.68E-20,0.154815363,0.954,0.903,3.92E-16
Cda,1.28E-16,0.155127877,0.738,0.661,2.98E-12
Abca8a,2.31E-22,0.15563872,0.641,0.494,5.39E-18
Gng3,4.79E-17,0.155746405,0.987,0.965,1.12E-12
Pfdn1,1.09E-19,0.155873712,0.946,0.892,2.53E-15
Mrps14,2.44E-29,0.156057251,0.885,0.802,5.69E-25
Npdc1,1.06E-29,0.156368871,0.942,0.893,2.48E-25
Emc2,8.52E-27,0.156703869,0.826,0.739,1.98E-22
Gadd45gip1,1.46E-27,0.15677627,0.764,0.668,3.41E-23
Lamtor5,2.36E-25,0.157137388,0.933,0.878,5.49E-21
Hddc2,1.16E-22,0.157801114,0.73,0.646,2.71E-18
Cirbp,3.84E-26,0.158011953,0.83,0.74,8.93E-22
Atp6v0c,3.30E-31,0.158238798,0.992,0.987,7.69E-27
Ndufs4,2.92E-28,0.158438446,0.886,0.821,6.81E-24
Prph,2.12E-26,0.158629239,0.998,0.991,4.94E-22
Ttyh1,3.25E-33,0.159072024,0.471,0.303,7.58E-29
Nap1l1,1.55E-22,0.159097333,0.939,0.886,3.62E-18
Mrpl58,1.98E-27,0.159106585,0.816,0.717,4.60E-23
Anxa2,5.75E-12,0.15916277,0.978,0.97,1.34E-07
Rps20,1.27E-19,0.159237528,0.993,0.975,2.95E-15
Eif3c,1.09E-29,0.159594648,0.894,0.827,2.54E-25
Tuba1b,1.03E-27,0.160038321,0.988,0.97,2.41E-23
Uqcrfs1,1.04E-28,0.160103845,0.884,0.802,2.41E-24
Mrpl12,3.73E-28,0.160301477,0.874,0.809,8.70E-24
Psma4,3.02E-32,0.160427531,0.87,0.783,7.03E-28
Grpel1,5.30E-31,0.160616223,0.732,0.614,1.23E-26
Tmem160,3.49E-25,0.160634228,0.908,0.853,8.12E-21
Rpl4,1.97E-26,0.160922363,0.946,0.9,4.58E-22
Timm10b,4.05E-25,0.161565512,0.895,0.833,9.44E-21
Mrps15,1.44E-29,0.161572379,0.853,0.778,3.36E-25
Qk,1.45E-24,0.16220016,0.714,0.585,3.39E-20
Rab2a,4.18E-32,0.162626206,0.959,0.929,9.73E-28
Pdlim7,3.03E-20,0.16328373,0.918,0.861,7.06E-16
Mgst3,4.50E-11,0.163658128,0.51,0.431,1.05E-06
Chchd7,5.51E-23,0.163772252,0.836,0.773,1.28E-18
Snf8,8.82E-30,0.163878139,0.835,0.744,2.05E-25
Fkbp2,2.31E-23,0.164273697,0.954,0.923,5.38E-19
Mpz,2.52E-21,0.164393178,0.68,0.535,5.88E-17
Atp5g3,1.92E-19,0.164449699,0.99,0.967,4.47E-15
Rex1bd,2.22E-24,0.164650138,0.955,0.908,5.16E-20
Ccdc124,6.00E-22,0.164735979,0.882,0.821,1.40E-17
Stmn2,1.10E-37,0.165091287,0.998,0.996,2.57E-33
Ssu72,2.98E-26,0.165350106,0.897,0.83,6.93E-22
Mocs2,6.70E-27,0.165360163,0.875,0.797,1.56E-22
Ap2s1,8.98E-27,0.165470124,0.946,0.9,2.09E-22
Clic1,8.84E-30,0.166115935,0.932,0.888,2.06E-25
Txn1,3.40E-15,0.166326762,0.966,0.931,7.92E-11
Cope,9.14E-34,0.166552415,0.776,0.658,2.13E-29
Gabarap,4.41E-30,0.166671407,0.98,0.958,1.03E-25
Ten1,7.73E-27,0.166701471,0.783,0.698,1.80E-22
Ppp1r14c,3.80E-31,0.166737659,0.545,0.395,8.85E-27
Acp1,1.73E-26,0.167198394,0.891,0.825,4.02E-22
Mrpl55,2.21E-33,0.168843223,0.851,0.764,5.15E-29
Mdh2,6.78E-24,0.168980069,0.952,0.905,1.58E-19
Pigp,1.31E-30,0.169445462,0.851,0.771,3.04E-26
H2afj,9.57E-22,0.169495476,0.896,0.844,2.23E-17
Mrps24,8.01E-26,0.169927545,0.925,0.857,1.87E-21
Rpl36a,4.24E-19,0.170136837,0.95,0.905,9.89E-15
Slirp,1.53E-29,0.170195166,0.84,0.744,3.57E-25
Aurkaip1,2.71E-25,0.170471127,0.92,0.876,6.32E-21
Ufc1,8.80E-32,0.170595388,0.89,0.808,2.05E-27
Eif3i,1.38E-32,0.171066894,0.834,0.736,3.21E-28
Pfdn6,8.60E-29,0.17149537,0.767,0.666,2.00E-24
Sncb,1.72E-12,0.171779386,0.76,0.691,4.00E-08
Znrd2,2.34E-29,0.172064896,0.665,0.548,5.45E-25
Fth1,4.71E-26,0.172115971,0.999,0.998,1.10E-21
Cuedc2,4.51E-28,0.172126366,0.844,0.768,1.05E-23
Fam104a,5.43E-33,0.172420919,0.873,0.792,1.26E-28
Aprt,1.29E-20,0.172955659,0.754,0.646,2.99E-16
Snrpe,1.67E-25,0.173221018,0.941,0.883,3.90E-21
Sdc4,1.97E-24,0.173249768,0.519,0.373,4.60E-20
Sod1,6.42E-25,0.173680841,0.962,0.921,1.49E-20
Mea1,5.21E-31,0.17384599,0.818,0.734,1.21E-26
Tubb2b,4.93E-20,0.173982717,0.958,0.931,1.15E-15
Tmem205,6.07E-37,0.174340376,0.71,0.58,1.41E-32
Npm1,2.37E-28,0.174549821,0.959,0.917,5.53E-24
Slc25a5,7.55E-27,0.174800484,0.912,0.849,1.76E-22
Csnk2b,1.68E-31,0.175333644,0.815,0.726,3.92E-27
Rplp0,6.00E-23,0.175410558,0.971,0.939,1.40E-18
Rack1,7.84E-30,0.175849274,0.925,0.858,1.83E-25
Clta,1.66E-30,0.176896161,0.974,0.942,3.86E-26
Pgp,1.76E-31,0.177330744,0.869,0.794,4.09E-27
Cox7a2,1.64E-23,0.177406587,0.994,0.974,3.82E-19
Trmt112,1.15E-23,0.177996351,0.896,0.831,2.68E-19
Ubc,5.39E-19,0.1781036,0.973,0.935,1.25E-14
Dynll1,2.06E-21,0.178237198,0.988,0.971,4.79E-17
Higd1a,5.66E-13,0.178548143,0.975,0.948,1.32E-08
Ubxn1,2.14E-31,0.179043549,0.914,0.849,4.97E-27
Glrx2,1.35E-27,0.179064415,0.886,0.805,3.14E-23
Psma3,2.35E-27,0.179604796,0.934,0.881,5.48E-23
Smdt1,1.46E-29,0.179688362,0.995,0.97,3.39E-25
Srp14,1.86E-28,0.180012525,0.977,0.949,4.33E-24
Ube2m,1.39E-33,0.180409284,0.96,0.919,3.23E-29
Gm17018,3.06E-30,0.180659369,0.852,0.779,7.13E-26
Srp19,1.02E-26,0.180682298,0.921,0.854,2.37E-22
Resp18,9.65E-14,0.180968137,0.761,0.696,2.25E-09
Uqcrq,3.33E-27,0.181104842,0.988,0.967,7.75E-23
Eif3h,1.57E-32,0.181362791,0.906,0.843,3.65E-28
Cuta,1.34E-32,0.181403081,0.877,0.798,3.11E-28
Atp6v1f,4.95E-28,0.1815076,0.985,0.947,1.15E-23
Tmem50a,8.45E-37,0.18162948,0.965,0.939,1.97E-32
Cnbp,4.96E-38,0.18171514,0.925,0.871,1.15E-33
Pcsk1n,8.65E-14,0.181733104,0.994,0.991,2.01E-09
Gabarapl2,9.32E-30,0.182189258,0.985,0.958,2.17E-25
Nop10,2.09E-16,0.182393589,0.971,0.939,4.87E-12
Atp6v1g1,4.46E-31,0.182582586,0.978,0.941,1.04E-26
Eif1b,5.44E-23,0.183078645,0.979,0.952,1.27E-18
Serpina3n,1.18E-09,0.183275255,0.858,0.813,2.74E-05
Rps19,8.34E-25,0.183683778,0.979,0.945,1.94E-20
Rpl24,2.29E-33,0.184384641,0.995,0.972,5.34E-29
Hsbp1,1.76E-26,0.184773139,0.958,0.909,4.10E-22
Timm8b,4.11E-24,0.185018883,0.95,0.893,9.57E-20
Ahnak2,2.20E-10,0.185214313,0.796,0.744,5.11E-06
Dnajc15,1.21E-27,0.18528881,0.859,0.788,2.82E-23
Trappc1,3.48E-27,0.18540815,0.839,0.763,8.11E-23
Polr2f,3.30E-33,0.186481887,0.859,0.772,7.69E-29
Prelid1,5.42E-32,0.186649793,0.932,0.877,1.26E-27
Ndrg2,4.13E-26,0.186909257,0.939,0.879,9.62E-22
Ranbp1,1.87E-34,0.187073178,0.919,0.856,4.35E-30
Rpl19,2.82E-39,0.187370178,0.989,0.968,6.56E-35
Enho,4.16E-21,0.18752331,0.889,0.815,9.69E-17
Rps24,6.91E-29,0.187874647,0.996,0.973,1.61E-24
Pebp1,3.02E-35,0.188037897,0.981,0.953,7.02E-31
Hspa8,8.30E-46,0.188228652,0.997,0.996,1.93E-41
Rexo2,7.90E-30,0.188913075,0.943,0.91,1.84E-25
Sdhb,1.67E-28,0.189041484,0.902,0.837,3.90E-24
Id3,1.43E-25,0.189295076,0.702,0.542,3.34E-21
Pam16,1.50E-35,0.190220674,0.91,0.841,3.49E-31
Bex1,5.55E-17,0.190323617,0.884,0.846,1.29E-12
Chmp2a,3.43E-35,0.19056372,0.834,0.724,8.00E-31
Kifap3,2.69E-35,0.190816665,0.976,0.947,6.26E-31
Fis1,1.04E-33,0.190899815,0.977,0.93,2.42E-29
Nefh,1.05E-08,0.19097434,0.899,0.872,0.000245429
Ndufv2,2.30E-30,0.191127274,0.919,0.861,5.35E-26
Tceal9,2.10E-26,0.191367439,0.905,0.846,4.89E-22
Rbx1,2.43E-31,0.19171941,0.977,0.955,5.66E-27
Ndufs8,3.13E-30,0.192199659,0.862,0.784,7.29E-26
Pfdn5,5.26E-33,0.192725348,0.977,0.943,1.23E-28
Pgls,7.31E-35,0.192784079,0.877,0.799,1.70E-30
Rpl22l1,7.11E-29,0.192863305,0.986,0.959,1.66E-24
Timm17a,8.80E-38,0.193015674,0.917,0.859,2.05E-33
Mrpl23,7.41E-33,0.194331132,0.839,0.755,1.73E-28
Ier2,3.03E-22,0.194528966,0.613,0.495,7.05E-18
Lamtor4,3.46E-26,0.194939217,0.931,0.874,8.05E-22
Taf10,3.06E-33,0.195165013,0.868,0.783,7.12E-29
Sfr1,4.85E-37,0.195762296,0.893,0.824,1.13E-32
Rps23,2.53E-31,0.196043152,0.986,0.951,5.90E-27
Rps9,3.27E-36,0.196156584,0.982,0.954,7.61E-32
Mrps18c,5.93E-39,0.196182426,0.752,0.633,1.38E-34
Rps15a,3.83E-32,0.196436216,0.989,0.952,8.92E-28
Mdh1,1.40E-21,0.196509478,0.957,0.929,3.26E-17
Ndufa7,3.53E-25,0.196663227,0.972,0.928,8.21E-21
Mrpl41,4.62E-33,0.1967207,0.875,0.796,1.08E-28
Mt1,2.31E-19,0.196887966,0.894,0.802,5.38E-15
Cox7a2l,2.57E-36,0.197670705,0.958,0.91,5.98E-32
Ndufb3,1.18E-26,0.197909765,0.962,0.919,2.76E-22
Sub1,5.70E-26,0.198171779,0.976,0.95,1.33E-21
Npy1r,3.93E-11,0.198230988,0.125,0.074,9.15E-07
Mrps33,1.44E-28,0.198636753,0.955,0.913,3.35E-24
Psenen,2.55E-39,0.199290745,0.906,0.837,5.94E-35
Timp3,7.08E-28,0.19938188,0.7,0.546,1.65E-23
Etfb,1.30E-29,0.200356026,0.833,0.758,3.04E-25
Eef1b2,1.53E-33,0.200695935,0.959,0.913,3.56E-29
Mpc1,2.04E-34,0.201660356,0.981,0.954,4.76E-30
Cox7b,5.95E-21,0.202288361,0.978,0.949,1.38E-16
Uchl1,2.14E-39,0.202707024,0.999,0.998,4.99E-35
Cox6b1,2.86E-30,0.202720003,0.994,0.976,6.67E-26
Uqcrh,3.30E-32,0.202814166,0.995,0.972,7.67E-28
Sec11c,6.08E-34,0.203655016,0.914,0.845,1.42E-29
Ssr4,3.73E-42,0.204531635,0.915,0.842,8.68E-38
Tle5,1.96E-37,0.20510507,0.981,0.955,4.56E-33
Coa3,2.20E-33,0.205908106,0.967,0.909,5.13E-29
Pin4,7.10E-38,0.206107189,0.87,0.77,1.65E-33
Ddt,3.29E-32,0.206319174,0.903,0.826,7.67E-28
Map1lc3b,9.83E-43,0.20685504,0.979,0.95,2.29E-38
Rps15,1.73E-34,0.207093043,0.972,0.937,4.04E-30
Cisd1,7.33E-38,0.207099343,0.973,0.939,1.71E-33
Hsp90ab1,9.14E-55,0.207658981,0.998,0.995,2.13E-50
Sparcl1,9.50E-28,0.208573917,0.662,0.52,2.21E-23
Uqcc2,1.31E-26,0.208842178,0.972,0.93,3.04E-22
Rpl27a,6.11E-38,0.209139365,0.993,0.969,1.42E-33
Mrpl14,7.68E-38,0.209824691,0.867,0.778,1.79E-33
Arpc1b,6.12E-25,0.209902973,0.874,0.805,1.43E-20
Fau,9.09E-40,0.210024563,0.995,0.98,2.12E-35
Hspa12a,2.43E-33,0.210685895,0.847,0.738,5.65E-29
Cycs,8.47E-24,0.210782024,0.963,0.928,1.97E-19
Cebpd,1.08E-31,0.210924371,0.44,0.294,2.52E-27
Mrpl42,4.91E-37,0.21198875,0.886,0.801,1.14E-32
Dad1,7.14E-28,0.212634444,0.947,0.915,1.66E-23
Myl6,1.37E-30,0.213148728,0.992,0.986,3.19E-26
Edf1,2.85E-34,0.214093983,0.974,0.943,6.63E-30
Rps25,2.09E-30,0.214126354,0.967,0.917,4.87E-26
Emc9,7.96E-37,0.214251911,0.782,0.675,1.85E-32
Dynlrb1,5.78E-32,0.215383598,0.97,0.937,1.35E-27
Fam162a,8.39E-42,0.215457284,0.857,0.756,1.95E-37
Esd,1.26E-41,0.21580117,0.868,0.787,2.94E-37
Coq7,8.93E-42,0.215807662,0.78,0.649,2.08E-37
Ndufs6,7.06E-32,0.216507512,0.962,0.913,1.64E-27
Rpl15,6.68E-40,0.216985074,0.982,0.957,1.56E-35
Rps17,8.63E-34,0.217034939,0.965,0.913,2.01E-29
Ddx24,2.74E-39,0.217037684,0.928,0.879,6.39E-35
Ptn,1.12E-15,0.217474,0.808,0.722,2.60E-11
Snrpd1,8.62E-37,0.217562298,0.893,0.817,2.01E-32
Selenom,1.89E-32,0.217628518,0.98,0.945,4.40E-28
Mrpl30,5.62E-41,0.217946034,0.925,0.863,1.31E-36
Aldoc,1.46E-31,0.218595826,0.902,0.817,3.40E-27
Rps27a,5.55E-43,0.218805887,0.996,0.973,1.29E-38
Psmb1,4.28E-30,0.219041665,0.936,0.894,9.96E-26
Rala,8.43E-43,0.219082605,0.886,0.816,1.96E-38
Rps3,4.93E-35,0.219219323,0.973,0.928,1.15E-30
Rps11,5.89E-50,0.219812744,0.987,0.969,1.37E-45
Rpl30,3.28E-37,0.220222468,0.991,0.953,7.63E-33
Rpl6,2.38E-42,0.220273573,0.989,0.956,5.54E-38
Timm13,1.63E-40,0.221821383,0.965,0.916,3.80E-36
Rpl13a,1.60E-43,0.222384705,0.975,0.936,3.73E-39
Selenop,7.10E-30,0.2223888,0.649,0.492,1.65E-25
Btf3,3.78E-45,0.222749736,0.966,0.924,8.81E-41
Rps18,1.79E-38,0.223270292,0.981,0.938,4.18E-34
Hcfc1r1,3.49E-31,0.223775547,0.967,0.933,8.12E-27
Tmem147,2.01E-46,0.224908955,0.89,0.806,4.68E-42
Rtraf,3.14E-44,0.225113866,0.919,0.847,7.30E-40
Rps10,1.38E-40,0.225129629,0.982,0.96,3.21E-36
Rpl11,7.07E-41,0.226078212,0.994,0.976,1.65E-36
Rpl27,1.06E-46,0.227078813,0.988,0.949,2.48E-42
Rwdd1,2.12E-43,0.227968336,0.918,0.845,4.94E-39
Calm1,3.67E-35,0.228279126,0.998,0.996,8.55E-31
Grcc10,4.52E-39,0.229716748,0.967,0.927,1.05E-34
Snrpd2,2.45E-42,0.229747471,0.932,0.88,5.70E-38
Rpl13,1.12E-42,0.230307633,0.99,0.97,2.60E-38
Rpl5,9.61E-49,0.231119462,0.946,0.879,2.24E-44
Ndufb2,4.67E-33,0.231162776,0.972,0.939,1.09E-28
Ndufs3,9.74E-38,0.232350315,0.795,0.685,2.27E-33
Cd63,4.58E-36,0.232455706,0.83,0.707,1.07E-31
Stmn3,3.02E-41,0.232822157,0.996,0.991,7.04E-37
Tbcb,4.80E-38,0.23386527,0.912,0.837,1.12E-33
Rpl3,2.08E-37,0.2339221,0.989,0.967,4.84E-33
Atp5j,1.17E-48,0.234106851,0.982,0.955,2.72E-44
Cdkn1a,1.07E-34,0.234165813,0.56,0.42,2.48E-30
Rps4x,1.81E-40,0.235039746,0.984,0.946,4.22E-36
Psma2,3.13E-35,0.235199571,0.928,0.876,7.29E-31
Atp1a2,6.30E-31,0.236568168,0.682,0.52,1.47E-26
Eif3f,1.70E-37,0.236573164,0.928,0.873,3.95E-33
Ndufv3,3.43E-34,0.236762255,0.974,0.929,8.00E-30
Arhgdig,8.35E-40,0.236883636,0.972,0.942,1.94E-35
Spcs1,2.43E-36,0.236918617,0.953,0.909,5.66E-32
Nenf,1.07E-41,0.237061563,0.962,0.92,2.49E-37
Rps8,6.67E-30,0.237144195,0.993,0.965,1.55E-25
Chchd10,5.23E-30,0.237542187,0.972,0.942,1.22E-25
Krtcap2,1.94E-50,0.239139353,0.922,0.842,4.51E-46
Chchd2,9.58E-61,0.239140467,0.996,0.986,2.23E-56
Fabp3,6.97E-33,0.239413795,0.899,0.818,1.62E-28
Atp5f1,1.41E-50,0.239848618,0.974,0.934,3.29E-46
Rpl23,1.46E-61,0.240160561,0.994,0.976,3.40E-57
Lxn,9.43E-14,0.240214066,0.63,0.544,2.20E-09
Rpl18a,4.45E-48,0.240493853,0.986,0.95,1.04E-43
Smap1,7.02E-53,0.24102777,0.926,0.867,1.63E-48
Trappc2l,4.74E-41,0.242365856,0.909,0.821,1.10E-36
Gpm6b,6.77E-32,0.243945405,0.714,0.547,1.58E-27
Glrx3,3.27E-54,0.244269751,0.853,0.752,7.62E-50
Rps3a1,1.49E-48,0.244333043,0.984,0.947,3.47E-44
Rpl23a,1.39E-49,0.245130387,0.958,0.911,3.23E-45
Vps28,2.07E-40,0.245379965,0.85,0.76,4.81E-36
Rtn1,8.40E-58,0.245950654,0.996,0.988,1.96E-53
Card19,7.68E-34,0.246735973,0.78,0.666,1.79E-29
Pmvk,1.30E-47,0.246775763,0.919,0.835,3.03E-43
Eef1a1,2.41E-56,0.247045233,0.995,0.988,5.62E-52
Psmb4,4.22E-48,0.247555144,0.911,0.834,9.83E-44
Ndufab1,1.51E-38,0.248462858,0.981,0.938,3.53E-34
Rpl36al,7.15E-52,0.249155458,0.976,0.929,1.67E-47
Rps2,5.45E-45,0.249367414,0.982,0.939,1.27E-40
Rab3a,3.16E-59,0.249466872,0.982,0.956,7.35E-55
Tecr,5.04E-24,0.250308047,0.965,0.942,1.17E-19
Psmb2,7.08E-37,0.250924889,0.867,0.786,1.65E-32
Rpl26,2.27E-48,0.251076798,0.99,0.965,5.29E-44
Phlda1,2.39E-18,0.251546505,0.562,0.452,5.56E-14
Pcp4,6.76E-09,0.251709303,0.836,0.762,0.000157406
Tuba1a,9.99E-59,0.251773146,0.998,0.995,2.33E-54
Rps12,1.41E-32,0.252123124,0.961,0.917,3.28E-28
Rpl10a,2.25E-44,0.252213087,0.975,0.933,5.25E-40
Plp1,4.34E-25,0.253082465,0.728,0.596,1.01E-20
Ldhb,3.98E-29,0.25444098,0.823,0.722,9.26E-25
Mrpl51,1.69E-58,0.257096035,0.928,0.863,3.94E-54
Ndufa8,6.73E-46,0.25734077,0.935,0.881,1.57E-41
Pmm1,6.86E-59,0.257456006,0.935,0.869,1.60E-54
Gstm5,1.52E-43,0.257508363,0.863,0.779,3.53E-39
Micos13,1.30E-42,0.258571068,0.927,0.865,3.04E-38
Nme1,3.52E-38,0.258898008,0.966,0.923,8.19E-34
Atp6v0b,5.66E-38,0.261848253,0.973,0.95,1.32E-33
Rps16,9.62E-60,0.262625085,0.98,0.942,2.24E-55
Rpl8,1.12E-41,0.26310491,0.977,0.948,2.61E-37
Rpl32,1.75E-55,0.26391679,0.991,0.954,4.07E-51
Rpl12,3.96E-45,0.264814541,0.943,0.879,9.22E-41
Fxyd1,3.89E-40,0.265399935,0.676,0.51,9.06E-36
Atp5l,3.69E-49,0.265865564,0.991,0.971,8.59E-45
Tmsb15b2,2.90E-43,0.268484065,0.87,0.765,6.75E-39
Ndufs5,1.29E-41,0.269261224,0.985,0.958,3.00E-37
Psma6,1.86E-51,0.270227187,0.808,0.694,4.34E-47
Eif1,5.24E-72,0.272539343,0.993,0.976,1.22E-67
Park7,7.17E-52,0.272705439,0.965,0.917,1.67E-47
Ppp1r11,6.43E-54,0.274024,0.909,0.824,1.50E-49
Ndufa4,1.21E-42,0.274626682,0.997,0.99,2.82E-38
Mrpl20,5.94E-49,0.275917559,0.934,0.875,1.38E-44
Ndufs7,1.40E-47,0.27617161,0.932,0.875,3.26E-43
Hint1,1.09E-65,0.278690896,0.994,0.984,2.55E-61
Pomp,3.88E-55,0.278916276,0.966,0.929,9.02E-51
Atp5d,2.27E-63,0.279078334,0.982,0.956,5.29E-59
Rps7,2.96E-48,0.279958102,0.976,0.932,6.90E-44
Ndufc2,6.29E-53,0.280046598,0.962,0.915,1.46E-48
Mif,1.31E-43,0.281389842,0.965,0.923,3.04E-39
Jun,7.23E-30,0.282093089,0.898,0.822,1.68E-25
Prdx5,4.19E-50,0.282201472,0.946,0.9,9.75E-46
Rps6,2.26E-54,0.284310634,0.96,0.909,5.25E-50
Rps14,7.21E-69,0.284661116,0.99,0.958,1.68E-64
Bex3,2.22E-61,0.286454008,0.97,0.931,5.17E-57
Ndufa12,3.39E-57,0.287684318,0.929,0.856,7.89E-53
Rbis,3.59E-70,0.288404993,0.881,0.755,8.36E-66
Rpl7,9.36E-61,0.289326429,0.965,0.918,2.18E-56
Fabp7,1.49E-24,0.290176038,0.818,0.707,3.46E-20
Bex2,7.72E-50,0.291181825,0.981,0.962,1.80E-45
Atp5g1,1.93E-47,0.291921713,0.993,0.974,4.48E-43
Rpl10,2.22E-48,0.292077696,0.963,0.913,5.18E-44
Prdx2,1.04E-52,0.292113145,0.971,0.93,2.42E-48
Atp5c1,1.96E-67,0.292739693,0.958,0.9,4.57E-63
Cox6a1,4.71E-71,0.293015303,0.988,0.963,1.10E-66
Rpl21,1.47E-33,0.293748504,0.959,0.917,3.43E-29
Rps5,3.15E-68,0.295512598,0.984,0.946,7.33E-64
Ndufa6,1.10E-66,0.297368265,0.96,0.89,2.57E-62
Rpl28,3.07E-73,0.29790289,0.987,0.951,7.14E-69
Rabac1,3.78E-53,0.298244061,0.976,0.952,8.81E-49
Fbxo2,1.20E-58,0.300898598,0.957,0.909,2.79E-54
S100b,2.42E-09,0.30355346,0.877,0.835,5.64E-05
Ndufb5,2.01E-70,0.305010091,0.969,0.922,4.67E-66
Ubb,5.32E-32,0.310717745,0.995,0.987,1.24E-27
Pdcd5,2.70E-66,0.312943769,0.969,0.915,6.28E-62
Psma7,1.45E-55,0.314838396,0.954,0.902,3.37E-51
Rps13,6.83E-79,0.31562767,0.974,0.921,1.59E-74
S100a10,1.43E-50,0.316513824,0.995,0.983,3.33E-46
Psmb5,1.61E-45,0.316878086,0.9,0.838,3.75E-41
Tpt1,7.18E-121,0.318925608,0.996,0.978,1.67E-116
Ifitm3,3.35E-55,0.325195631,0.598,0.393,7.81E-51
Mpc2,2.69E-75,0.326392023,0.958,0.891,6.25E-71
Swi5,1.15E-68,0.328444157,0.964,0.911,2.67E-64
Ndufb10,3.38E-72,0.329572519,0.964,0.916,7.86E-68
Ndufa13,3.97E-73,0.331077266,0.987,0.968,9.24E-69
Sparc,1.77E-40,0.331268875,0.716,0.552,4.13E-36
Rpl14,1.10E-78,0.332163763,0.979,0.942,2.57E-74
Rpl18,8.40E-76,0.333038338,0.968,0.928,1.96E-71
Naca,9.09E-100,0.333604496,0.977,0.921,2.12E-95
Eif3k,4.08E-79,0.334215635,0.937,0.857,9.50E-75
Nme2,4.52E-71,0.337371426,0.976,0.937,1.05E-66
Rpl29,4.44E-67,0.338387147,0.959,0.895,1.03E-62
Psmb3,8.33E-57,0.338745138,0.914,0.842,1.94E-52
Ndufb7,8.78E-67,0.339597255,0.968,0.919,2.05E-62
Ndufb11,1.62E-75,0.339604385,0.956,0.899,3.77E-71
Rbm3,1.76E-63,0.33992075,0.895,0.814,4.09E-59
Ndufb8,3.76E-71,0.344636289,0.982,0.95,8.76E-67
Atp5h,2.81E-69,0.346979856,0.991,0.977,6.53E-65
Ndufb6,1.63E-55,0.350829957,0.942,0.879,3.80E-51
Slc25a4,8.68E-109,0.359848583,0.991,0.974,2.02E-104
Ndufb4,8.68E-57,0.362877431,0.958,0.914,2.02E-52
Rpl17,6.75E-70,0.363662311,0.971,0.914,1.57E-65
Apoe,1.27E-27,0.364224548,0.948,0.887,2.96E-23
Atp5o,9.24E-67,0.364933861,0.972,0.936,2.15E-62
Dctn3,1.24E-59,0.366642723,0.953,0.897,2.89E-55
Atpif1,7.48E-73,0.36685729,0.997,0.98,1.74E-68
Vim,8.78E-62,0.367603668,0.923,0.835,2.04E-57
Ppia,1.20E-58,0.372915512,0.999,0.998,2.80E-54
Fdps,3.52E-56,0.374902226,0.937,0.889,8.19E-52
Lgals1,5.50E-39,0.375637877,0.97,0.944,1.28E-34
Cox5b,5.08E-68,0.380691335,0.99,0.963,1.18E-63
Ndufb9,1.12E-107,0.388342849,0.986,0.954,2.62E-103
Fkbp3,1.29E-85,0.390683268,0.937,0.855,3.00E-81
Gapdh,9.78E-83,0.392628423,0.99,0.977,2.28E-78
Ndufa11,5.38E-59,0.394595156,0.982,0.951,1.25E-54
Psmb6,5.55E-68,0.397946677,0.905,0.817,1.29E-63
Fabp5,5.78E-70,0.407024171,0.981,0.963,1.35E-65
Cox4i1,4.33E-132,0.422234926,0.997,0.988,1.01E-127
Dbi,6.11E-57,0.443844206,0.982,0.941,1.42E-52
Fxyd7,3.10E-18,0.486504774,0.753,0.681,7.21E-14
Cox5a,1.74E-100,0.494151184,0.988,0.963,4.05E-96
Uqcrb,2.34E-89,0.506011511,0.982,0.933,5.46E-85
Cst3,4.48E-67,0.604381457,0.99,0.974,1.04E-62
Cyb561,2.16E-06,0.109876535,0.374,0.316,0.050272358
Zeb2,2.16E-06,-0.174868674,0.858,0.843,0.050277012
Stmn1,2.16E-06,0.124594306,0.965,0.951,0.050278152
Dnmt1,2.19E-06,-0.103773772,0.492,0.539,0.051070993
Rgs10,2.21E-06,0.113340696,0.58,0.518,0.051467721
Micu1,2.21E-06,-0.100311239,0.772,0.782,0.051511571
Timeless,2.25E-06,-0.101547013,0.462,0.501,0.05249888
Hadhb,2.28E-06,-0.103069105,0.874,0.861,0.053101675
Dock9,2.46E-06,-0.104557652,0.491,0.532,0.057209529
Ptprn,2.49E-06,-0.111774555,0.958,0.953,0.057949766
Vps13b,2.53E-06,-0.121641268,0.613,0.632,0.058877176
Mgat4c,3.03E-06,-0.153572489,0.335,0.385,0.070641865
Dip2c,3.11E-06,-0.131164786,0.813,0.813,0.072405662
Pcnx,3.39E-06,-0.105865053,0.549,0.581,0.078958975
Magt1,3.46E-06,-0.103821666,0.755,0.766,0.080563612
Map6,3.63E-06,-0.100157459,0.878,0.865,0.084636706
Lars2,3.87E-06,-0.38667383,0.554,0.582,0.09010354
Ttbk2,3.92E-06,-0.104317123,0.872,0.874,0.091180416
Idh1,4.10E-06,-0.122552636,0.941,0.921,0.095451183
Megf9,4.56E-06,-0.100320658,0.571,0.601,0.106286755
Ncstn,4.90E-06,-0.100237734,0.585,0.617,0.11408373
4930402H24Rik,4.96E-06,-0.12802779,0.714,0.723,0.115452446
Atl1,5.24E-06,-0.122991907,0.92,0.905,0.121964784
Chl1,5.42E-06,-0.140046985,0.81,0.834,0.126205069
C530008M17Rik,5.55E-06,-0.122422193,0.809,0.812,0.129348513
Mmp16,5.99E-06,-0.115032618,0.506,0.548,0.139565259
Ctnnd2,6.00E-06,-0.116449907,0.905,0.891,0.139665144
Atl3,6.11E-06,-0.121558328,0.848,0.847,0.142174096
Uhmk1,6.40E-06,-0.128761132,0.951,0.938,0.148933386
Clgn,6.76E-06,-0.113862437,0.682,0.686,0.157511803
Ifit1,6.79E-06,-0.209653838,0.547,0.574,0.158220799
Ccdc85a,7.54E-06,-0.145163395,0.657,0.669,0.175624305
D930028M14Rik,8.45E-06,0.15115697,0.312,0.261,0.196799125
Nav2,9.72E-06,-0.131845969,0.522,0.554,0.22624705
Clec2l,9.82E-06,0.140423829,0.84,0.808,0.228630549
Hopx,1.01E-05,0.189155703,0.49,0.437,0.235501237
Scg2,1.05E-05,-0.167498247,0.889,0.893,0.244781489
Nedd4l,1.09E-05,-0.146943079,0.813,0.809,0.252822025
Slc12a6,1.12E-05,-0.103089652,0.782,0.78,0.25977618
Smarcc1,1.14E-05,-0.100354955,0.722,0.73,0.26588364
Srgap3,1.16E-05,-0.112959473,0.857,0.844,0.271075941
Cnksr2,1.19E-05,-0.183281445,0.691,0.693,0.276641749
Nav3,1.22E-05,-0.12040381,0.858,0.84,0.284461731
Cept1,1.24E-05,-0.113637746,0.633,0.662,0.288497058
Khdrbs2,1.29E-05,-0.201731079,0.514,0.542,0.300917921
Pip5k1b,1.48E-05,-0.102793416,0.574,0.595,0.343691596
Rbfox3,1.51E-05,-0.143553573,0.631,0.663,0.351546846
Map7d2,1.60E-05,0.110642723,0.977,0.954,0.371761261
G3bp1,1.62E-05,-0.106084487,0.812,0.811,0.377070478
Celf2,1.64E-05,-0.111631446,0.844,0.847,0.381947731
Adam22,1.64E-05,-0.127852866,0.788,0.783,0.382078502
Cacna2d3,1.93E-05,-0.180200772,0.458,0.497,0.450616922
Mdga2,1.95E-05,-0.235768128,0.577,0.605,0.454886317
Ddah1,2.00E-05,0.108959055,0.933,0.918,0.466606804
Gramd1b,2.08E-05,-0.131582717,0.845,0.845,0.48323524
Cdk8,2.10E-05,-0.267028508,0.609,0.634,0.48904151
Usp22,2.17E-05,-0.12114433,0.932,0.919,0.504769011
Gab2,2.36E-05,-0.115879258,0.563,0.592,0.550252839
Chrnb3,2.39E-05,-0.150782606,0.184,0.227,0.556937203
Cabin1,2.47E-05,-0.143922153,0.529,0.558,0.574591446
Adam2,2.48E-05,-0.168363241,0.168,0.211,0.576423844
Ret,2.67E-05,-0.155519635,0.811,0.82,0.622637035
Eml5,2.95E-05,-0.106654308,0.467,0.496,0.686337761
Spock1,3.17E-05,-0.181316512,0.861,0.859,0.738710417
Zswim6,3.23E-05,-0.12156123,0.644,0.664,0.753271436
Ssr1,3.38E-05,-0.129962424,0.815,0.813,0.787771928
Eml4,3.41E-05,-0.103703877,0.536,0.567,0.793456579
Alk,3.47E-05,-0.135893579,0.382,0.415,0.808901919
Nf1,3.57E-05,-0.119562566,0.704,0.714,0.830830585
Rabgap1,3.65E-05,-0.112012602,0.719,0.726,0.849806073
Slc24a2,3.80E-05,0.153694268,0.553,0.505,0.885620028
Luzp2,4.09E-05,-0.209351714,0.808,0.791,0.951687939
Tmeff2,4.16E-05,-0.132103869,0.945,0.933,0.968321841
Rbm6,4.29E-05,-0.11351401,0.543,0.572,0.999268588
Myo1b,4.35E-05,-0.104572557,0.654,0.671,1
Sgsm2,4.41E-05,-0.101735384,0.603,0.617,1
Ckap5,4.69E-05,-0.118991389,0.87,0.866,1
Tmcc2,4.77E-05,-0.10391271,0.774,0.773,1
Adcy2,4.81E-05,-0.148989252,0.737,0.746,1
S100a11,5.22E-05,0.144026687,0.896,0.895,1
Itch,5.60E-05,-0.106607993,0.678,0.688,1
Hsp90b1,5.70E-05,-0.107419776,0.96,0.956,1
Pde4d,5.80E-05,-0.187835992,0.832,0.817,1
Cpd,5.90E-05,-0.130799733,0.674,0.688,1
Tmem117,5.98E-05,-0.100274298,0.48,0.51,1
Ache,6.58E-05,-0.131921898,0.887,0.889,1
Zcchc7,6.79E-05,-0.127661399,0.533,0.552,1
Trim36,6.93E-05,-0.133013213,0.612,0.637,1
9330182L06Rik,7.03E-05,-0.108147109,0.699,0.709,1
Tcf12,7.18E-05,-0.125587398,0.658,0.675,1
Tmsb10,7.23E-05,-0.156151518,0.994,0.987,1
Maml3,7.39E-05,-0.104110746,0.452,0.482,1
Adnp,7.55E-05,-0.106614078,0.845,0.848,1
Gpr174,8.12E-05,-0.112997323,0.31,0.351,1
Tanc2,8.16E-05,-0.139702928,0.806,0.804,1
Htr3a,8.22E-05,-0.233391596,0.646,0.692,1
Ptger3,8.71E-05,-0.101179603,0.318,0.366,1
Osbpl3,8.83E-05,-0.109255357,0.818,0.82,1
Bcas3,9.01E-05,-0.109905613,0.766,0.776,1
Dock3,9.61E-05,-0.122056001,0.767,0.758,1
Ckb,9.90E-05,0.10100097,0.972,0.958,1
Ptprr,0.000104871,-0.109621976,0.641,0.661,1
Epha6,0.000108086,-0.128314936,0.202,0.24,1
Rab8b,0.000118582,-0.107751653,0.752,0.758,1
Srrm4,0.000121723,-0.108063194,0.725,0.724,1
Spock3,0.000126193,-0.156215076,0.896,0.889,1
Prkar2b,0.000132756,-0.169644725,0.62,0.642,1
Dock4,0.000137126,-0.204180675,0.468,0.497,1
Msn,0.000141736,-0.104440061,0.895,0.885,1
Alcam,0.000142139,-0.138463891,0.796,0.813,1
Unc13c,0.000145664,-0.19685569,0.563,0.568,1
Brca1,0.000149989,-0.224344705,0.158,0.193,1
Cadm3,0.000152782,-0.132681822,0.92,0.909,1
Slc7a8,0.000174106,-0.102779982,0.581,0.604,1
Gal,0.000175775,0.152271315,0.26,0.215,1
Snca,0.000188114,-0.133359397,0.788,0.79,1
Lgals8,0.000199173,-0.102827166,0.833,0.838,1
Sec61a1,0.000199967,-0.126805366,0.696,0.711,1
4932438A13Rik,0.00022709,-0.109948942,0.816,0.819,1
Rims3,0.000230788,-0.10619536,0.861,0.849,1
Il6st,0.000235138,-0.104202288,0.79,0.78,1
Zbtb18,0.000243427,-0.116058599,0.64,0.642,1
Cnr1,0.000258109,-0.140857621,0.783,0.788,1
Tenm4,0.000264011,-0.1355779,0.589,0.607,1
Lrrn1,0.000268953,-0.141759502,0.336,0.38,1
Cd55,0.000270129,-0.120132672,0.549,0.576,1
Cemip2,0.000290058,-0.111570357,0.519,0.543,1
Nefm,0.000324907,0.16785504,0.96,0.942,1
Sbf2,0.000359066,-0.101380494,0.464,0.494,1
Btbd3,0.000380415,-0.106492053,0.759,0.762,1
Adam19,0.000381859,-0.109066737,0.679,0.687,1
Agap1,0.000388577,-0.126821102,0.812,0.798,1
Ubqln2,0.000429614,-0.10308528,0.79,0.786,1
Ubr5,0.00043798,-0.112849646,0.808,0.804,1
Enpp5,0.000441961,-0.106989723,0.83,0.831,1
Gcnt2,0.000480644,-0.134637552,0.839,0.834,1
Cthrc1,0.000497739,-0.102388018,0.636,0.657,1
Amer2,0.000506442,-0.108770181,0.609,0.623,1
Nol4l,0.000533531,-0.124357954,0.665,0.675,1
Apbb2,0.000647419,-0.106587023,0.852,0.829,1
Mir99ahg,0.000665834,-0.163160295,0.609,0.624,1
Tmtc1,0.000668302,-0.115678893,0.531,0.57,1
Rapgef6,0.000716794,-0.13743896,0.806,0.799,1
Hs6st2,0.000771858,-0.136600495,0.444,0.477,1
Bcam,0.000783576,-0.101731411,0.932,0.917,1
Eya1,0.000802763,-0.158531696,0.687,0.684,1
Cpne3,0.000869529,-0.11901325,0.888,0.879,1
Abr,0.00089022,-0.100708455,0.795,0.795,1
Ghr,0.000910513,-0.105277144,0.419,0.447,1
Sgcz,0.00115312,-0.299123642,0.29,0.32,1
Shc1,0.001420319,-0.104496534,0.625,0.627,1
Tagln2,0.001710581,0.107710332,0.419,0.381,1
Ank3,0.00182576,-0.108109164,0.94,0.916,1
Bub3,0.002091425,-0.168729397,0.823,0.818,1
Rab37,0.002162269,-0.100149338,0.396,0.423,1
Myl1,0.002444099,0.145914524,0.298,0.265,1
Cds2,0.002468084,-0.112879397,0.938,0.932,1
Cartpt,0.002529298,0.358676034,0.701,0.662,1
Cdipt,0.002584597,-0.101995313,0.91,0.884,1
Mast4,0.002684739,-0.142946528,0.534,0.56,1
Stard13,0.002770632,-0.116115692,0.685,0.687,1
Camk4,0.002788292,-0.104195107,0.683,0.696,1
Pde10a,0.0028406,-0.14318098,0.389,0.417,1
Gfra1,0.002890917,-0.119933049,0.423,0.444,1
Th,0.002995712,0.13983244,0.532,0.494,1
Tmem150c,0.003366815,-0.106030001,0.637,0.63,1
Pbx3,0.003578337,-0.103129191,0.533,0.55,1
Hcn1,0.003789913,0.102761709,0.468,0.429,1
S100a6,0.003887017,0.169287326,0.905,0.859,1
Runx1t1,0.004051895,-0.124476422,0.571,0.579,1
Fxyd6,0.005131941,0.12034675,0.814,0.818,1
Nfib,0.00520232,-0.129077955,0.78,0.777,1
St18,0.005209648,-0.158374225,0.443,0.468,1
Ddc,0.005572539,0.160511638,0.286,0.258,1
Gpr65,0.005580312,-0.105063065,0.091,0.113,1
Tenm3,0.005970685,-0.128938589,0.709,0.707,1
Chrna3,0.006831269,-0.100981557,0.636,0.677,1
Pcsk2,0.006897878,-0.117290407,0.892,0.885,1
Cadm2,0.007288491,-0.137015452,0.555,0.565,1
Piezo2,0.008449192,0.114188802,0.272,0.242,1
Epha5,0.009194168,-0.170488907,0.777,0.774,1
Cntn1,0.009449284,0.147146554,0.625,0.6,1
Tspan8,0.012113443,-0.14726502,0.914,0.924,1
Dicer1,0.013150188,-0.101772962,0.606,0.613,1
Snhg18,0.015171539,-0.109308985,0.604,0.599,1
Glrb,0.017217917,-0.10519167,0.782,0.766,1
Cmss1,0.020251908,-0.232278616,0.655,0.661,1
Abcb10,0.020863001,-0.106056953,0.501,0.509,1
Pkib,0.026815584,0.100667303,0.587,0.554,1
Il1rapl1,0.027987715,-0.126569083,0.299,0.311,1
Nrxn3,0.029200086,-0.191694857,0.722,0.726,1
Cntnap5a,0.035614946,-0.10462653,0.506,0.512,1
Camk1d,0.037155262,-0.154479648,0.516,0.525,1
Stac,0.053373414,-0.107642816,0.561,0.563,1
Pcdh9,0.056753718,-0.272128232,0.794,0.775,1
Olfm3,0.057635504,-0.174308805,0.351,0.364,1
Zfp804a,0.058288794,-0.143216035,0.629,0.639,1
Slc5a7,0.063097738,-0.103877347,0.648,0.653,1
Lsamp,0.068751231,-0.215161719,0.734,0.71,1
Itm2c,0.070473077,-0.105324471,0.903,0.896,1
Ifi27l2a,0.079188849,0.154852227,0.657,0.634,1
Gm49678,0.084180008,-0.151137385,0.291,0.304,1
Gm42418,0.086483771,-0.522629051,0.968,0.966,1
Slc8a1,0.086795298,-0.121677518,0.534,0.531,1
Plcb1,0.08795376,-0.145050553,0.475,0.478,1
Tmem35a,0.090416766,-0.100142035,0.546,0.542,1
Ptprt,0.095087638,-0.129019327,0.561,0.517,1
Prxl2c,0.11229325,-0.126975526,0.552,0.55,1
Kcnh8,0.129172358,-0.104734573,0.368,0.377,1
Dock10,0.154308758,-0.117721539,0.625,0.619,1
Tafa2,0.178598064,-0.147598892,0.283,0.261,1
Vip,0.187667451,0.157266749,0.231,0.217,1
Zfhx3,0.236369972,-0.104636369,0.821,0.81,1
Kcnh7,0.242113308,-0.11049596,0.412,0.421,1
Nnat,0.511761859,0.112328129,0.533,0.558,1
Nrp2,0.52791148,-0.113053244,0.575,0.558,1
Dbh,0.647639422,0.120952414,0.108,0.112,1
Thsd7a,0.653570418,-0.106096505,0.48,0.472,1
Dlc1,0.68459533,-0.108195287,0.574,0.552,1
Lypd1,0.711728734,0.115341006,0.43,0.43,1
Calca,0.756436215,0.442559522,0.397,0.403,1
Lhfpl3,0.895857771,-0.156395659,0.286,0.28,1